"Date","Austria","Belgium","Bulgaria","Croatia","Cyprus","Czech.Republic","Denmark","Estonia","Finland","France","Germany","Greece","Hungary","Ireland","Italy","Latvia","Lithuania","Luxembourg","Malta","Netherlands","Norway","Poland","Portugal","Romania","Slovak.Republic","Slovenia","Spain","Sweden","Switzerland","United.Kingdom"
"2020-01-01",0,0,0,0,0,0,0,0,0,0,0,0,0,0,0,0,0,0,0,0,0,0,0,0,0,0,0,0,0,0
"2020-01-02",0,0,0,0,0,0,0,0,0,0,0,0,0,0,0,0,0,0,0,0,0,0,0,0,0,0,0,0,0,0
"2020-01-03",0,0,0,0,0,0,0,0,0,0,0,0,0,0,0,0,0,0,0,0,0,0,0,0,0,0,0,0,0,0
"2020-01-04",0,0,0,0,0,0,0,0,0,0,0,0,0,0,0,0,0,0,0,0,0,0,0,0,0,0,0,0,0,0
"2020-01-05",0,0,0,0,0,0,0,0,0,0,0,0,0,0,0,0,0,0,0,0,0,0,0,0,0,0,0,0,0,0
"2020-01-06",0,0,0,0,0,0,0,0,0,0,0,0,0,0,0,0,0,0,0,0,0,0,0,0,0,0,0,0,0,0
"2020-01-07",0,0,0,0,0,0,0,0,0,0,0,0,0,0,0,0,0,0,0,0,0,0,0,0,0,0,0,0,0,0
"2020-01-08",0,0,0,0,0,0,0,0,0,0,0,0,0,0,0,0,0,0,0,0,0,0,0,0,0,0,0,0,0,0
"2020-01-09",0,0,0,0,0,0,0,0,0,0,0,0,0,0,0,0,0,0,0,0,0,0,0,0,0,0,0,0,0,0
"2020-01-10",0,0,0,0,0,0,0,0,0,0,0,0,0,0,0,0,0,0,0,0,0,0,0,0,0,0,0,0,0,0
"2020-01-11",0,0,0,0,0,0,0,0,0,0,0,0,0,0,0,0,0,0,0,0,0,0,0,0,0,0,0,0,0,0
"2020-01-12",0,0,0,0,0,0,0,0,0,0,0,0,0,0,0,0,0,0,0,0,0,0,0,0,0,0,0,0,0,0
"2020-01-13",0,0,0,0,0,0,0,0,0,0,0,0,0,0,0,0,0,0,0,0,0,0,0,0,0,0,0,0,0,0
"2020-01-14",0,0,0,0,0,0,0,0,0,0,0,0,0,0,0,0,0,0,0,0,0,0,0,0,0,0,0,0,0,0
"2020-01-15",0,0,0,0,0,0,0,0,0,0,0,0,0,0,0,0,0,0,0,0,0,0,0,0,0,0,0,0,0,0
"2020-01-16",0,0,0,0,0,0,0,0,0,0,0,0,0,0,0,0,0,0,0,0,0,0,0,0,0,0,0,0,0,0
"2020-01-17",0,0,0,0,0,0,0,0,0,0,0,0,0,0,0,0,0,0,0,0,0,0,0,0,0,0,0,0,0,0
"2020-01-18",0,0,0,0,0,0,0,0,0,0,0,0,0,0,0,0,0,0,0,0,0,0,0,0,0,0,0,0,0,0
"2020-01-19",0,0,0,0,0,0,0,0,0,0,0,0,0,0,0,0,0,0,0,0,0,0,0,0,0,0,0,0,0,0
"2020-01-20",0,0,0,0,0,0,0,0,0,0,0,0,0,0,0,0,0,0,0,0,0,0,0,0,0,0,0,0,0,0
"2020-01-21",0,0,0,0,0,0,0,0,0,0,0,0,0,0,0,0,0,0,0,0,0,0,0,0,0,0,0,0,0,0
"2020-01-22",0,0,0,0,0,0,0,0,0,0,0,0,0,0,0,0,0,0,0,0,0,0,0,0,0,0,0,0,0,0
"2020-01-23",0,0,0,0,0,0,0,0,0,0,0,0,0,0,0,0,0,0,0,0,0,0,0,0,0,0,0,0,0,0
"2020-01-24",0,0,0,0,0,0,0,0,0,0,0,0,0,0,0,0,0,0,0,0,0,0,0,0,0,0,0,0,0,0
"2020-01-25",0,0,0,0,0,0,0,0,0,0,0,0,0,0,0,0,0,0,0,0,0,0,0,0,0,0,0,0,0,0
"2020-01-26",0,0,0,0,0,0,0,0,0,0,0,0,0,0,0,0,0,0,0,0,0,0,0,0,0,0,0,0,0,0
"2020-01-27",0,0,0,0,0,0,0,0,0,0,0,0,0,0,0,0,0,0,0,0,0,0,0,0,0,0,0,0,0,0
"2020-01-28",0,0,0,0,0,0,0,0,0,0,0,0,0,0,0,0,0,0,0,0,0,0,0,0,0,0,0,0,0,0
"2020-01-29",0,0,0,0,0,0,0,0,0,0,0,0,0,0,0,0,0,0,0,0,0,0,0,0,0,0,0,0,0,0
"2020-01-30",0,0,0,0,0,0,0,0,0,0,0,0,0,0,0,0,0,0,0,0,0,0,0,0,0,0,0,0,0,0
"2020-01-31",0,0,0,0,0,0,0,0,0,0,0,0,0,0,0,0,0,0,0,0,0,0,0,0,0,0,0,0,0,0
"2020-02-01",0,0,0,0,0,0,0,0,0,0,0,0,0,0,0,0,0,0,0,0,0,0,0,0,0,0,0,0,0,0
"2020-02-02",0,0,0,0,0,0,0,0,0,0,0,0,0,0,0,0,0,0,0,0,0,0,0,0,0,0,0,0,0,0
"2020-02-03",0,0,0,0,0,0,0,0,0,0,0,0,0,0,0,0,0,0,0,0,0,0,0,0,0,0,0,0,0,0
"2020-02-04",0,0,0,0,0,0,0,0,0,0,0,0,0,0,0,0,0,0,0,0,0,0,0,0,0,0,0,0,0,0
"2020-02-05",0,0,0,0,0,0,0,0,0,0,0,0,0,0,0,0,0,0,0,0,0,0,0,0,0,0,0,0,0,0
"2020-02-06",0,0,0,0,0,0,0,0,0,0,0,0,0,0,0,0,0,0,0,0,0,0,0,0,0,0,0,0,0,0
"2020-02-07",0,0,0,0,0,0,0,0,0,0,0,0,0,0,0,0,0,0,0,0,0,0,0,0,0,0,0,0,0,0
"2020-02-08",0,0,0,0,0,0,0,0,0,0,0,0,0,0,0,0,0,0,0,0,0,0,0,0,0,0,0,0,0,0
"2020-02-09",0,0,0,0,0,0,0,0,0,0,0,0,0,0,0,0,0,0,0,0,0,0,0,0,0,0,0,0,0,0
"2020-02-10",0,0,0,0,0,0,0,0,0,0,0,0,0,0,0,0,0,0,0,0,0,0,0,0,0,0,0,0,0,0
"2020-02-11",0,0,0,0,0,0,0,0,0,0,0,0,0,0,0,0,0,0,0,0,0,0,0,0,0,0,0,0,0,0
"2020-02-12",0,0,0,0,0,0,0,0,0,0,0,0,0,0,0,0,0,0,0,0,0,0,0,0,0,0,0,0,0,0
"2020-02-13",0,0,0,0,0,0,0,0,0,0,0,0,0,0,0,0,0,0,0,0,0,0,0,0,0,0,0,0,0,0
"2020-02-14",0,0,0,0,0,0,0,0,0,0,0,0,0,0,0,0,0,0,0,0,0,0,0,0,0,0,0,0,0,0
"2020-02-15",0,0,0,0,0,0,0,0,0,0,0,0,0,0,0,0,0,0,0,0,0,0,0,0,0,0,0,0,0,0
"2020-02-16",0,0,0,0,0,0,0,0,0,0,0,0,0,0,0,0,0,0,0,0,0,0,0,0,0,0,0,0,0,0
"2020-02-17",0,0,0,0,0,0,0,0,0,0,0,0,0,0,0,0,0,0,0,0,0,0,0,0,0,0,0,0,0,0
"2020-02-18",0,0,0,0,0,0,0,0,0,0,0,0,0,0,0,0,0,0,0,0,0,0,0,0,0,0,0,0,0,0
"2020-02-19",0,0,0,0,0,0,0,0,0,0,0,0,0,0,0,0,0,0,0,0,0,0,0,0,0,0,0,0,0,0
"2020-02-20",0,0,0,0,0,0,0,0,0,0,0,0,0,0,0,0,0,0,0,0,0,0,0,0,0,0,0,0,0,0
"2020-02-21",0,0,0,0,0,0,0,0,0,0,0,0,0,0,0,0,0,0,0,0,0,0,0,0,0,0,0,0,0,0
"2020-02-22",0,0,0,0,0,0,0,0,0,0,0,0,0,0,0,0,0,0,0,0,0,0,0,0,0,0,0,0,0,0
"2020-02-23",0,0,0,0,0,0,0,0,0,0,0,0,0,0,87.5,0,0,0,0,0,0,0,0,0,0,0,0,0,0,0
"2020-02-24",0,0,0,0,0,0,0,0,0,0,0,0,0,0,87.5,0,0,0,0,0,0,0,0,0,0,0,0,0,0,0
"2020-02-25",0,0,0,0,0,0,0,0,0,0,0,0,0,0,87.5,0,0,0,0,0,0,0,0,0,0,0,0,0,0,0
"2020-02-26",0,0,0,0,0,0,0,0,0,0,0,0,0,0,87.5,0,0,0,0,0,0,0,0,0,0,0,0,0,0,0
"2020-02-27",0,0,0,0,0,0,0,0,0,0,0,0,0,0,87.5,0,0,0,0,0,0,0,0,0,0,0,0,0,0,0
"2020-02-28",0,0,0,0,0,0,0,0,0,0,0,0,0,0,87.5,0,0,0,0,0,0,0,0,0,0,0,0,0,25,0
"2020-02-29",0,0,0,0,0,0,0,0,0,87.5,0,0,0,0,87.5,0,0,0,0,0,0,0,0,0,0,0,0,0,25,0
"2020-03-01",0,0,0,0,0,0,0,0,0,87.5,0,0,0,0,87.5,0,0,0,0,0,0,0,0,0,0,0,0,0,25,0
"2020-03-02",0,0,0,0,0,0,0,0,0,87.5,0,0,0,0,87.5,0,0,0,0,0,0,0,0,0,0,0,0,0,25,0
"2020-03-03",0,0,0,0,0,0,0,0,0,87.5,0,0,0,0,87.5,0,0,0,0,0,0,0,0,0,0,0,0,0,25,0
"2020-03-04",0,0,0,0,0,0,0,0,0,87.5,0,0,0,0,87.5,0,0,0,0,0,0,0,0,0,0,0,0,0,25,0
"2020-03-05",0,0,0,0,0,0,0,0,0,87.5,0,0,0,0,87.5,0,0,0,0,0,0,0,0,0,0,0,0,0,25,0
"2020-03-06",0,0,0,0,0,0,0,0,0,87.5,0,0,0,0,87.5,0,0,0,0,0,0,0,0,0,0,0,0,0,25,0
"2020-03-07",0,0,0,0,0,0,0,0,0,87.5,0,0,0,0,87.5,0,0,0,0,0,0,0,0,0,0,50,0,0,25,0
"2020-03-08",0,0,0,0,0,0,0,0,0,87.5,0,0,0,0,87.5,0,0,0,0,0,0,0,0,25,0,50,0,0,25,0
"2020-03-09",0,0,0,0,0,0,0,0,0,87.5,0,0,0,0,87.5,0,0,50,0,0,0,0,37.5,25,0,50,0,0,25,0
"2020-03-10",0,0,0,0,0,50,0,0,0,87.5,12.5,0,0,0,100,0,0,50,25,12.5,0,0,37.5,25,0,50,12.5,0,25,0
"2020-03-11",0,0,0,0,0,50,0,0,0,87.5,12.5,0,25,0,100,0,0,50,25,12.5,50,0,37.5,25,0,50,12.5,0,25,0
"2020-03-12",0,0,0,0,0,75,0,0,25,87.5,12.5,0,25,50,100,0,75,50,25,75,50,0,37.5,50,75,50,12.5,50,25,0
"2020-03-13",0,0,100,0,0,75,75,0,25,87.5,12.5,0,25,50,100,50,75,100,25,75,50,0,37.5,50,75,50,12.5,50,25,0
"2020-03-14",0,0,100,0,0,75,75,0,25,87.5,12.5,0,25,50,100,75,75,100,25,75,50,0,37.5,50,75,50,12.5,50,25,0
"2020-03-15",0,0,100,0,0,75,75,0,25,87.5,12.5,0,25,100,100,75,75,100,25,75,50,0,75,50,75,50,12.5,50,25,0
"2020-03-16",100,0,100,0,0,75,75,0,100,87.5,12.5,0,25,100,100,75,100,100,25,75,50,0,75,50,75,50,12.5,50,25,0
"2020-03-17",100,0,100,0,0,75,75,0,100,100,12.5,0,25,100,100,75,100,100,25,75,50,0,75,50,75,50,12.5,50,100,0
"2020-03-18",100,100,100,0,0,75,100,0,100,100,12.5,100,25,100,100,75,100,100,25,75,50,0,75,50,75,50,12.5,50,100,0
"2020-03-19",100,100,100,0,0,75,100,0,100,100,12.5,100,25,100,100,75,100,100,25,75,50,0,100,50,75,100,12.5,50,100,0
"2020-03-20",100,100,100,100,0,75,100,0,100,100,12.5,100,25,100,100,75,100,100,25,75,50,0,100,50,75,100,12.5,50,100,0
"2020-03-21",100,100,100,100,0,75,100,0,100,100,87.5,100,25,100,100,75,100,100,25,75,50,0,100,50,75,100,12.5,50,100,0
"2020-03-22",100,100,100,100,0,75,100,0,100,100,100,100,25,100,100,75,100,100,25,75,50,0,100,100,75,100,12.5,50,100,0
"2020-03-23",100,100,100,100,100,100,100,0,100,100,100,100,25,100,100,75,100,100,25,100,50,0,100,100,75,100,12.5,50,100,87.5
"2020-03-24",100,100,100,100,100,100,100,0,100,100,100,100,25,100,100,75,100,100,25,100,100,0,100,100,75,100,12.5,50,100,100
"2020-03-25",100,100,100,100,100,100,100,100,100,100,100,100,25,100,100,75,100,100,25,100,100,0,100,100,75,100,12.5,50,100,100
"2020-03-26",100,100,100,100,100,100,100,100,100,100,100,100,25,100,100,75,100,100,25,100,100,0,100,100,75,100,12.5,50,100,100
"2020-03-27",100,100,100,100,100,100,100,100,100,100,100,100,25,100,100,75,100,100,25,100,100,0,100,100,75,100,12.5,50,100,100
"2020-03-28",100,100,100,100,100,100,100,100,100,100,100,100,25,100,100,75,100,100,100,100,100,0,100,100,75,100,12.5,50,100,100
"2020-03-29",100,100,100,100,100,100,100,100,100,100,100,100,25,100,100,75,100,100,100,100,100,0,100,100,75,100,12.5,75,100,100
"2020-03-30",100,100,100,100,100,100,100,100,100,100,100,100,25,100,100,75,100,100,100,100,100,0,100,100,75,100,100,75,100,100
"2020-03-31",100,100,100,100,100,100,100,100,100,100,100,100,25,100,100,75,100,100,100,100,100,100,100,100,75,100,100,75,100,100
"2020-04-01",100,100,100,100,100,100,100,100,100,100,100,100,25,100,100,75,100,100,100,100,100,100,100,100,75,100,100,75,100,100
"2020-04-02",100,100,100,100,100,100,100,100,100,100,100,100,25,100,100,75,100,100,100,100,100,100,100,100,75,100,100,75,100,100
"2020-04-03",100,100,100,100,100,100,100,100,100,100,100,100,25,100,100,75,100,100,100,100,100,100,100,100,75,100,100,75,100,100
"2020-04-04",100,100,100,100,100,100,100,100,100,100,100,100,25,100,100,75,100,100,100,100,100,100,100,100,75,100,100,75,100,100
"2020-04-05",100,100,100,100,100,100,100,100,100,100,100,100,25,100,100,75,100,100,100,100,100,100,100,100,75,100,100,75,100,100
"2020-04-06",100,100,100,100,100,100,100,100,100,100,100,100,25,100,100,75,100,100,100,100,100,100,100,100,75,100,100,75,100,100
"2020-04-07",100,100,100,100,100,100,100,100,100,100,100,100,25,100,100,75,100,100,100,100,100,100,100,100,75,100,100,75,100,100
"2020-04-08",100,100,100,100,100,100,100,100,100,100,100,100,25,100,100,75,100,100,100,100,100,100,100,100,100,100,100,75,100,100
"2020-04-09",100,100,100,100,100,100,100,100,100,100,100,100,25,100,100,75,100,100,100,100,100,100,100,100,100,100,100,75,100,100
"2020-04-10",100,100,100,100,100,100,100,100,100,100,100,100,25,100,100,75,100,100,100,100,100,100,100,100,100,100,100,75,100,100
"2020-04-11",100,100,100,100,100,100,100,100,100,100,100,100,25,100,100,75,100,100,100,100,100,100,100,100,100,100,100,75,100,100
"2020-04-12",100,100,100,100,100,100,100,100,100,100,100,100,25,100,100,75,100,100,100,100,100,100,100,100,100,100,100,75,100,100
"2020-04-13",100,100,100,100,100,100,100,100,100,100,100,100,25,100,100,75,100,100,100,100,100,100,100,100,100,100,100,75,100,100
"2020-04-14",100,100,100,100,100,100,100,100,100,100,100,100,25,100,100,75,100,100,100,100,100,100,100,100,75,100,100,75,100,100
"2020-04-15",100,100,100,100,100,100,100,100,100,100,100,100,25,100,100,75,100,100,100,100,100,100,100,100,75,100,100,75,100,100
"2020-04-16",100,100,100,100,100,100,100,100,100,100,100,100,25,100,100,75,100,100,100,100,100,100,100,100,75,100,100,75,100,100
"2020-04-17",100,100,100,100,100,100,100,100,100,100,100,100,25,100,100,75,100,100,100,100,100,100,100,100,75,100,100,75,100,100
"2020-04-18",100,100,100,100,100,100,100,100,100,100,100,100,25,100,100,75,100,100,100,100,100,100,100,100,75,100,100,75,100,100
"2020-04-19",100,100,100,100,100,100,100,100,100,100,100,100,25,100,100,75,100,100,100,100,100,100,100,100,75,100,100,75,100,100
"2020-04-20",100,100,100,100,100,100,100,100,100,100,100,100,25,100,100,75,100,100,100,100,100,100,100,100,75,100,100,75,100,100
"2020-04-21",100,100,100,100,100,100,100,100,100,100,100,100,25,100,100,75,100,100,100,100,75,100,100,100,75,100,100,75,100,100
"2020-04-22",100,100,100,100,100,100,100,100,100,100,100,100,25,100,100,75,100,100,100,100,75,100,100,100,75,100,100,75,100,100
"2020-04-23",100,100,100,100,100,100,100,100,100,100,100,100,25,100,100,75,100,100,100,100,75,100,100,100,75,100,100,75,100,100
"2020-04-24",100,100,100,100,100,100,100,100,100,100,100,100,25,100,100,75,100,100,100,100,75,100,100,100,75,100,100,75,100,100
"2020-04-25",100,100,100,100,100,100,100,100,100,100,100,100,25,100,100,75,100,100,100,100,75,100,100,100,75,100,100,75,100,100
"2020-04-26",100,100,100,100,100,100,100,100,100,100,100,100,25,100,100,75,100,100,100,100,75,100,100,100,75,100,100,75,100,100
"2020-04-27",100,100,100,100,100,75,100,100,100,100,100,100,25,100,100,75,100,100,100,100,75,100,100,100,75,100,100,75,100,100
"2020-04-28",100,100,100,100,100,75,100,100,100,100,100,100,25,100,100,75,100,100,100,100,75,100,100,100,75,100,100,75,100,100
"2020-04-29",100,100,100,100,100,75,100,100,100,100,100,100,25,100,100,75,100,100,100,100,75,100,100,100,75,100,100,75,100,100
"2020-04-30",100,100,100,100,100,75,100,100,100,100,100,100,25,100,100,75,100,100,100,100,75,100,100,100,75,100,100,75,100,100
"2020-05-01",100,100,100,100,100,75,100,100,100,100,100,100,25,100,100,75,100,100,100,100,75,100,100,100,75,100,100,75,100,100
"2020-05-02",75,100,100,100,100,75,100,100,100,100,100,100,25,100,100,75,100,100,100,100,75,100,100,100,75,100,100,75,100,100
"2020-05-03",75,100,100,100,100,75,100,100,100,100,87.5,100,25,100,100,75,100,100,100,100,75,100,100,100,75,100,100,75,100,100
"2020-05-04",75,100,100,100,100,75,100,100,100,100,87.5,100,25,100,100,75,100,100,100,100,75,100,100,100,75,100,87.5,75,100,100
"2020-05-05",75,100,100,100,100,75,100,100,100,100,87.5,75,25,100,100,75,100,100,100,100,75,100,100,100,75,100,87.5,75,100,100
"2020-05-06",75,100,100,100,100,75,100,100,100,100,87.5,75,25,100,100,75,100,100,100,100,75,100,100,100,75,100,87.5,75,100,100
"2020-05-07",75,100,100,100,100,75,100,100,100,100,87.5,75,25,100,100,75,100,100,100,100,75,100,100,100,75,100,87.5,75,100,100
"2020-05-08",75,100,100,100,100,75,100,100,100,100,87.5,75,25,100,100,75,100,100,100,100,75,100,100,100,75,100,87.5,75,100,100
"2020-05-09",75,100,100,100,100,75,100,100,100,100,87.5,75,25,100,100,75,100,100,100,100,75,100,100,100,75,100,87.5,75,100,100
"2020-05-10",75,100,100,100,100,75,100,100,100,100,87.5,75,25,100,100,75,100,100,100,100,75,100,100,100,75,100,87.5,75,100,100
"2020-05-11",75,100,100,75,100,75,100,100,100,100,87.5,75,25,100,100,75,100,75,100,100,75,100,100,100,75,100,87.5,75,100,100
"2020-05-12",75,100,100,75,100,75,100,100,100,100,87.5,75,25,100,100,75,100,75,100,100,75,100,100,100,75,100,87.5,75,100,100
"2020-05-13",75,100,100,75,100,75,100,100,100,100,87.5,75,25,100,100,75,100,75,100,100,75,100,100,100,75,100,100,75,100,100
"2020-05-14",75,100,100,75,100,75,100,100,100,100,87.5,75,25,100,100,75,100,75,100,100,75,100,100,100,75,62.5,100,75,100,100
"2020-05-15",75,100,100,75,100,75,100,100,100,100,87.5,75,25,100,100,75,100,75,100,100,75,100,100,100,75,62.5,100,75,100,100
"2020-05-16",75,100,100,75,100,75,100,100,100,100,87.5,75,25,100,100,75,100,75,100,100,75,100,100,100,75,62.5,100,75,100,100
"2020-05-17",75,100,100,75,100,75,100,100,100,100,87.5,75,25,100,100,75,100,75,100,100,75,100,100,100,75,62.5,87.5,75,100,100
"2020-05-18",75,100,100,75,100,75,100,100,100,100,87.5,75,25,100,0,75,100,75,100,100,75,100,100,100,75,62.5,87.5,75,100,100
"2020-05-19",75,100,100,75,100,75,100,100,100,100,87.5,75,25,100,0,75,100,75,100,100,75,100,100,100,75,62.5,87.5,75,100,100
"2020-05-20",75,100,100,75,100,75,100,100,100,100,87.5,75,25,100,0,75,100,75,100,100,75,100,100,100,75,62.5,87.5,75,100,100
"2020-05-21",75,100,100,75,75,75,100,100,100,100,87.5,75,25,100,0,75,100,75,100,100,75,100,100,100,75,62.5,87.5,75,100,100
"2020-05-22",75,100,100,75,75,75,100,100,100,100,87.5,75,25,100,0,75,100,75,100,100,75,100,100,100,75,62.5,87.5,75,100,100
"2020-05-23",75,100,100,75,75,75,100,100,100,100,87.5,75,25,100,0,75,100,75,100,100,75,100,100,100,75,62.5,87.5,75,100,100
"2020-05-24",75,100,100,75,75,75,100,100,100,100,87.5,75,25,100,0,75,100,75,100,100,75,100,100,100,75,62.5,87.5,75,100,100
"2020-05-25",75,100,100,75,75,50,100,100,100,100,87.5,75,25,100,0,75,100,75,100,100,75,100,100,100,75,62.5,87.5,75,100,100
"2020-05-26",75,100,100,50,75,50,100,100,100,100,87.5,75,25,100,0,75,100,75,100,100,75,100,100,100,75,62.5,87.5,75,100,100
"2020-05-27",75,100,100,50,75,50,100,100,100,100,87.5,75,25,100,0,75,100,75,100,100,75,100,100,100,75,62.5,87.5,75,100,100
"2020-05-28",75,100,100,50,75,50,100,100,100,100,87.5,75,25,100,0,75,100,75,100,100,75,100,100,100,75,62.5,87.5,75,100,100
"2020-05-29",75,100,100,50,75,50,100,100,100,100,87.5,75,25,100,0,75,100,75,100,100,75,100,100,100,75,62.5,87.5,75,100,100
"2020-05-30",75,100,100,50,75,50,100,100,100,100,87.5,75,25,100,0,75,100,75,100,100,75,50,100,100,75,62.5,87.5,75,75,100
"2020-05-31",75,100,75,50,75,50,100,100,100,100,87.5,75,25,100,0,75,100,75,100,100,75,50,100,100,75,62.5,87.5,75,75,100
"2020-06-01",75,100,75,50,75,50,100,75,25,100,87.5,75,25,100,0,75,50,75,100,75,75,50,87.5,50,75,62.5,75,75,75,100
"2020-06-02",75,100,75,50,75,50,100,75,25,100,87.5,75,25,100,0,75,50,75,100,75,75,50,87.5,50,75,50,75,75,75,100
"2020-06-03",75,100,75,50,75,50,100,75,25,100,87.5,75,25,100,0,75,50,75,100,75,75,50,87.5,50,75,50,75,75,75,100
"2020-06-04",75,100,75,50,75,50,100,75,25,100,87.5,75,25,100,0,75,50,75,100,75,75,50,87.5,50,75,50,75,75,75,100
"2020-06-05",75,100,75,50,75,50,100,75,25,100,87.5,75,25,100,0,75,50,75,25,75,75,50,87.5,50,75,50,75,75,75,100
"2020-06-06",75,100,75,50,75,50,100,75,25,100,87.5,75,25,100,0,75,50,75,25,75,75,50,87.5,50,75,50,75,75,75,100
"2020-06-07",75,100,75,50,75,50,100,75,25,100,87.5,75,25,100,0,75,50,75,25,75,75,50,87.5,50,75,50,75,75,75,100
"2020-06-08",75,75,75,50,75,50,75,75,25,100,87.5,75,25,100,0,75,50,75,25,75,75,50,87.5,50,75,50,75,75,75,100
"2020-06-09",75,75,75,50,75,50,75,75,25,100,87.5,75,25,100,0,75,50,75,25,75,75,50,87.5,50,75,50,75,75,75,100
"2020-06-10",75,75,25,50,75,50,75,75,25,100,87.5,75,25,100,0,50,50,75,25,75,75,50,87.5,50,50,50,75,75,75,100
"2020-06-11",75,75,25,50,75,50,75,75,25,100,87.5,75,25,100,0,50,50,75,25,75,75,50,87.5,50,50,50,75,75,75,100
"2020-06-12",75,75,25,50,75,50,75,75,25,100,87.5,75,25,100,0,50,50,75,25,75,75,50,87.5,50,50,50,75,75,75,100
"2020-06-13",75,75,25,50,75,50,75,75,25,100,87.5,75,25,100,0,50,50,75,25,75,75,50,87.5,50,50,50,75,75,75,100
"2020-06-14",75,75,25,50,75,50,75,75,25,100,87.5,75,25,100,0,50,50,75,25,75,75,50,87.5,50,50,50,75,75,75,100
"2020-06-15",75,75,25,50,75,50,75,75,25,100,87.5,75,25,100,50,50,50,75,25,75,75,50,75,50,50,50,75,75,75,100
"2020-06-16",75,75,25,50,75,50,75,75,25,100,87.5,75,25,100,50,50,50,75,25,75,75,50,75,50,50,50,75,75,75,100
"2020-06-17",75,75,25,50,75,50,75,75,25,100,87.5,75,25,100,50,50,50,75,25,75,75,50,75,50,50,50,75,75,75,100
"2020-06-18",75,75,25,50,75,50,75,75,25,100,87.5,75,25,100,50,50,50,75,25,75,75,50,75,50,50,50,75,75,75,100
"2020-06-19",75,75,25,50,75,50,75,75,25,100,87.5,75,50,100,50,50,50,75,25,75,75,50,75,50,50,50,75,75,75,100
"2020-06-20",75,75,25,50,75,50,75,75,25,100,87.5,75,50,100,50,50,50,75,25,75,75,50,75,50,50,50,75,75,75,100
"2020-06-21",75,75,25,50,75,25,75,75,25,100,87.5,75,50,100,50,50,50,75,25,75,75,50,75,50,50,50,37.5,75,75,100
"2020-06-22",75,75,25,50,75,25,75,75,25,100,87.5,75,50,100,50,50,50,75,25,75,75,50,75,50,50,50,37.5,75,25,100
"2020-06-23",75,75,25,50,75,25,75,75,25,100,87.5,75,50,100,50,50,50,75,25,75,75,50,87.5,50,50,50,37.5,75,25,100
"2020-06-24",75,75,25,50,75,25,75,75,25,100,87.5,75,50,100,50,50,50,75,25,75,75,50,87.5,50,50,50,37.5,75,25,100
"2020-06-25",75,75,25,50,75,25,75,75,25,100,87.5,75,50,100,50,50,50,75,25,75,75,50,87.5,50,50,50,37.5,75,25,100
"2020-06-26",75,75,25,50,75,25,75,75,25,100,87.5,75,50,50,50,50,50,0,25,75,75,50,87.5,50,50,50,37.5,75,25,100
"2020-06-27",75,75,25,50,75,25,75,75,25,100,87.5,75,50,50,50,50,50,0,25,75,75,50,87.5,50,50,50,37.5,75,25,100
"2020-06-28",75,75,25,50,75,25,75,75,25,100,87.5,75,50,50,50,50,50,0,25,75,75,50,87.5,50,50,50,37.5,75,25,100
"2020-06-29",75,75,25,50,75,25,75,75,25,100,87.5,75,50,50,50,50,50,0,25,75,75,50,87.5,50,50,50,37.5,75,25,100
"2020-06-30",75,75,25,50,75,37.5,75,75,25,100,87.5,75,50,50,50,50,50,0,25,75,75,50,87.5,50,50,50,37.5,75,25,100
"2020-07-01",50,75,25,50,75,37.5,75,50,25,100,87.5,75,50,50,50,50,50,0,25,50,75,50,87.5,50,50,50,37.5,75,25,100
"2020-07-02",50,75,25,50,75,37.5,75,50,25,100,87.5,75,50,50,50,50,50,0,25,50,75,50,87.5,50,50,50,37.5,75,25,100
"2020-07-03",50,75,25,50,75,37.5,75,50,25,100,87.5,75,50,50,50,50,50,0,25,50,75,50,87.5,50,50,50,37.5,75,62.5,100
"2020-07-04",50,75,25,50,75,12.5,75,50,25,100,87.5,75,50,50,50,50,50,0,25,50,75,50,87.5,50,50,50,87.5,75,62.5,87.5
"2020-07-05",50,75,25,50,75,12.5,75,50,25,100,87.5,75,50,50,50,50,50,0,25,50,75,50,87.5,50,50,50,87.5,75,62.5,87.5
"2020-07-06",50,75,25,50,75,12.5,75,50,25,100,87.5,75,50,50,50,50,50,0,25,50,75,50,87.5,50,50,50,87.5,75,62.5,87.5
"2020-07-07",50,75,25,50,75,12.5,75,50,25,100,62.5,75,50,50,50,50,50,0,25,50,75,50,87.5,50,50,50,87.5,75,62.5,87.5
"2020-07-08",50,75,25,50,75,12.5,75,50,25,100,62.5,75,50,50,50,50,50,0,25,50,75,50,87.5,50,50,50,87.5,75,62.5,87.5
"2020-07-09",50,75,75,50,75,12.5,75,50,25,100,62.5,75,50,50,50,50,50,0,25,50,75,50,87.5,50,50,50,87.5,75,62.5,87.5
"2020-07-10",50,75,75,50,75,12.5,75,50,25,100,62.5,75,50,50,50,50,50,0,25,50,75,50,87.5,50,50,50,87.5,75,62.5,87.5
"2020-07-11",50,75,75,50,75,12.5,75,50,25,100,62.5,75,50,50,50,50,50,0,25,50,75,50,87.5,50,50,50,87.5,75,62.5,87.5
"2020-07-12",50,75,75,50,50,12.5,75,50,25,100,62.5,75,50,50,50,50,50,0,25,50,75,50,87.5,50,50,50,87.5,75,62.5,87.5
"2020-07-13",50,75,25,50,50,12.5,75,50,25,100,62.5,75,50,50,50,50,50,0,25,50,75,50,87.5,50,50,50,87.5,75,62.5,87.5
"2020-07-14",50,75,25,50,50,12.5,75,50,25,100,62.5,75,50,50,50,50,50,0,25,50,75,50,87.5,50,50,50,87.5,75,62.5,87.5
"2020-07-15",50,75,25,50,50,12.5,75,50,25,100,62.5,75,50,50,50,50,50,0,25,50,75,50,87.5,50,50,50,87.5,75,62.5,87.5
"2020-07-16",50,75,25,50,50,12.5,75,50,25,100,62.5,75,50,50,50,50,50,0,25,50,75,50,87.5,50,50,50,87.5,75,62.5,87.5
"2020-07-17",50,75,25,50,50,12.5,75,50,25,100,62.5,75,50,50,50,50,50,0,25,50,75,50,87.5,50,50,50,87.5,75,62.5,87.5
"2020-07-18",50,75,25,50,50,37.5,75,50,25,100,62.5,75,50,50,50,50,50,0,25,50,75,50,87.5,50,50,50,87.5,75,62.5,87.5
"2020-07-19",50,75,25,50,50,37.5,75,50,25,100,62.5,75,50,50,50,50,50,100,25,50,75,50,87.5,50,50,50,87.5,75,62.5,87.5
"2020-07-20",50,75,25,50,50,37.5,75,50,25,100,62.5,75,50,50,50,50,50,100,25,50,75,50,87.5,50,50,75,87.5,75,62.5,87.5
"2020-07-21",50,75,25,0,50,37.5,75,50,25,100,62.5,75,50,50,50,50,50,100,25,50,75,50,87.5,50,50,75,87.5,75,62.5,87.5
"2020-07-22",50,75,25,0,50,37.5,75,50,25,100,62.5,75,50,50,50,50,50,100,25,50,75,50,87.5,50,50,75,87.5,75,62.5,87.5
"2020-07-23",50,75,25,0,50,37.5,75,50,25,100,62.5,75,50,50,50,50,50,100,25,50,75,50,87.5,50,50,75,87.5,75,62.5,87.5
"2020-07-24",50,75,25,0,50,37.5,75,50,25,100,62.5,75,50,50,50,50,50,100,25,50,75,50,87.5,50,50,75,87.5,75,62.5,87.5
"2020-07-25",50,75,25,0,50,37.5,75,50,25,100,62.5,75,50,50,50,50,50,100,25,50,75,50,87.5,50,50,75,87.5,75,62.5,87.5
"2020-07-26",50,75,25,0,50,37.5,75,50,25,100,62.5,75,50,50,50,50,50,100,25,50,75,50,87.5,50,50,75,87.5,75,62.5,87.5
"2020-07-27",50,75,25,0,50,25,75,50,25,100,62.5,75,50,50,50,50,75,100,25,50,75,50,87.5,50,50,75,87.5,75,62.5,87.5
"2020-07-28",50,75,25,0,50,25,75,25,25,100,62.5,75,50,50,50,50,75,100,25,50,75,50,87.5,50,50,75,87.5,75,62.5,87.5
"2020-07-29",50,100,25,0,50,25,75,25,25,100,62.5,75,50,50,50,50,75,100,25,50,75,50,87.5,50,50,75,87.5,75,62.5,87.5
"2020-07-30",50,100,25,0,50,25,75,25,25,100,62.5,75,50,50,50,50,75,100,25,50,75,50,87.5,50,50,75,87.5,75,62.5,87.5
"2020-07-31",50,100,75,0,50,25,75,25,25,100,87.5,75,50,50,50,50,75,100,25,50,75,50,87.5,50,50,75,87.5,75,62.5,87.5
"2020-08-01",50,100,75,0,50,25,75,25,25,100,87.5,75,50,50,50,25,75,100,25,50,75,50,87.5,50,50,75,87.5,75,62.5,87.5
"2020-08-02",50,100,75,0,50,25,75,25,25,100,87.5,75,50,50,50,25,75,100,25,50,75,50,87.5,50,50,75,87.5,75,62.5,87.5
"2020-08-03",50,100,75,0,50,25,50,25,25,100,87.5,75,50,50,50,25,75,100,25,50,75,50,87.5,50,50,75,87.5,75,62.5,87.5
"2020-08-04",50,100,50,0,50,25,50,25,25,100,87.5,75,50,50,50,25,75,100,25,50,75,50,87.5,50,50,75,87.5,75,62.5,87.5
"2020-08-05",50,100,50,0,50,25,50,25,25,100,87.5,75,50,50,50,25,75,100,25,50,75,50,87.5,50,50,75,87.5,75,62.5,87.5
"2020-08-06",50,100,50,0,50,25,50,25,25,100,87.5,75,50,50,50,25,75,100,25,50,75,50,87.5,50,50,75,87.5,75,62.5,87.5
"2020-08-07",50,100,50,0,50,25,50,25,25,100,87.5,75,50,50,50,25,25,100,50,50,75,50,87.5,50,50,75,87.5,75,62.5,87.5
"2020-08-08",50,100,50,0,50,25,50,25,25,100,62.5,75,50,62.5,50,25,25,100,50,50,75,50,87.5,50,50,75,87.5,75,62.5,87.5
"2020-08-09",50,100,50,0,50,25,50,25,25,100,62.5,75,50,62.5,50,25,25,100,50,50,75,50,87.5,50,50,75,87.5,75,62.5,87.5
"2020-08-10",50,100,50,0,50,25,50,25,25,100,62.5,75,50,62.5,50,25,25,100,50,50,75,50,87.5,50,50,75,87.5,75,62.5,87.5
"2020-08-11",50,100,50,0,50,25,50,25,25,100,62.5,75,50,62.5,50,25,25,100,50,50,75,50,87.5,50,50,75,87.5,75,62.5,87.5
"2020-08-12",50,100,50,0,50,25,50,25,25,100,62.5,75,50,62.5,50,25,25,100,50,50,75,50,87.5,50,50,75,87.5,75,62.5,87.5
"2020-08-13",50,100,50,0,50,25,50,25,25,100,62.5,75,50,62.5,50,25,25,100,50,50,75,50,87.5,50,50,75,87.5,75,62.5,87.5
"2020-08-14",50,100,50,0,50,25,50,25,0,100,62.5,75,50,62.5,50,25,25,100,50,50,75,50,87.5,50,50,75,87.5,75,62.5,87.5
"2020-08-15",50,100,50,0,50,25,50,25,0,100,62.5,75,50,62.5,50,25,25,100,50,50,75,50,87.5,50,50,75,87.5,75,62.5,87.5
"2020-08-16",50,100,50,0,50,25,50,25,0,100,62.5,75,50,62.5,50,25,25,100,50,50,75,50,87.5,50,50,75,87.5,75,62.5,87.5
"2020-08-17",50,100,50,0,50,25,50,25,0,100,62.5,62.5,50,62.5,50,25,25,100,50,50,75,50,87.5,50,50,75,87.5,75,62.5,87.5
"2020-08-18",50,100,50,0,50,25,50,25,0,100,62.5,62.5,50,62.5,50,25,25,100,50,100,75,50,87.5,50,50,75,87.5,75,62.5,87.5
"2020-08-19",50,100,50,0,50,25,50,25,0,100,62.5,62.5,50,62.5,50,25,25,100,75,100,75,50,87.5,50,50,75,87.5,75,62.5,87.5
"2020-08-20",50,100,50,0,50,25,50,25,0,100,62.5,62.5,50,62.5,50,25,25,100,75,100,75,50,87.5,50,50,75,87.5,75,62.5,87.5
"2020-08-21",50,100,50,0,50,25,50,25,0,100,62.5,62.5,50,62.5,50,25,25,100,75,100,75,50,87.5,50,50,75,87.5,75,62.5,87.5
"2020-08-22",50,100,50,0,75,25,50,25,0,100,62.5,62.5,50,62.5,50,25,25,100,75,100,75,50,87.5,50,50,75,87.5,75,62.5,87.5
"2020-08-23",50,100,50,0,75,25,50,25,0,100,62.5,62.5,50,62.5,50,25,25,100,75,100,75,50,87.5,50,50,75,87.5,75,62.5,87.5
"2020-08-24",50,100,50,0,75,25,50,25,0,100,87.5,62.5,50,62.5,50,25,25,100,75,100,75,50,87.5,50,50,75,87.5,75,62.5,87.5
"2020-08-25",50,100,50,0,75,25,50,25,0,100,87.5,62.5,50,62.5,50,25,25,100,75,100,75,50,87.5,50,50,75,87.5,75,62.5,87.5
"2020-08-26",50,100,50,0,75,25,50,25,0,100,87.5,62.5,50,62.5,50,25,25,100,75,100,75,50,87.5,50,50,75,87.5,75,62.5,87.5
"2020-08-27",50,100,50,0,75,25,50,25,0,100,87.5,62.5,50,62.5,50,25,25,100,75,100,75,50,87.5,50,50,75,87.5,75,62.5,87.5
"2020-08-28",50,100,50,0,75,25,50,25,0,100,87.5,62.5,50,62.5,50,25,25,100,75,100,75,50,87.5,50,50,75,87.5,75,62.5,87.5
"2020-08-29",50,100,50,0,75,25,50,25,0,100,87.5,62.5,50,62.5,50,25,25,100,75,100,75,50,87.5,50,50,75,87.5,75,62.5,87.5
"2020-08-30",50,100,50,0,75,25,50,25,0,100,87.5,62.5,50,62.5,50,25,25,100,75,100,75,50,87.5,50,50,75,87.5,75,62.5,87.5
"2020-08-31",50,100,50,0,75,25,50,25,0,100,87.5,62.5,50,62.5,50,25,25,100,75,100,75,50,87.5,50,50,75,87.5,75,62.5,87.5
"2020-09-01",50,100,50,0,75,25,50,25,0,87.5,87.5,62.5,50,62.5,50,25,25,100,75,100,75,50,87.5,50,50,75,87.5,75,62.5,87.5
"2020-09-02",50,100,50,0,75,25,50,25,0,87.5,87.5,62.5,50,62.5,50,25,25,100,75,100,75,50,87.5,50,50,75,87.5,75,62.5,87.5
"2020-09-03",50,100,50,0,75,25,50,25,0,87.5,87.5,62.5,50,62.5,50,25,25,100,75,100,75,50,87.5,75,37.5,75,87.5,75,62.5,87.5
"2020-09-04",50,100,50,0,75,25,50,25,0,87.5,87.5,62.5,50,62.5,50,25,25,100,75,100,75,50,87.5,75,50,75,87.5,75,62.5,87.5
"2020-09-05",50,100,50,0,75,25,50,25,0,87.5,87.5,62.5,50,62.5,50,25,25,100,75,100,75,50,87.5,75,50,75,87.5,75,62.5,87.5
"2020-09-06",50,100,50,0,75,25,50,25,0,87.5,87.5,62.5,50,62.5,50,25,25,100,75,100,75,50,87.5,75,50,75,87.5,75,62.5,87.5
"2020-09-07",50,100,50,50,75,25,50,25,0,87.5,87.5,62.5,50,62.5,50,25,25,100,75,100,75,50,87.5,75,50,75,87.5,75,62.5,87.5
"2020-09-08",50,100,50,50,75,50,50,25,0,87.5,87.5,75,50,62.5,50,25,25,100,75,100,75,50,87.5,75,50,75,87.5,75,62.5,87.5
"2020-09-09",50,100,50,50,75,50,62.5,25,0,87.5,87.5,75,50,62.5,50,25,25,100,75,100,75,50,87.5,75,50,75,87.5,75,62.5,87.5
"2020-09-10",50,100,50,50,75,50,62.5,25,0,87.5,87.5,75,50,62.5,50,25,25,100,75,100,75,50,87.5,75,50,75,87.5,75,62.5,87.5
"2020-09-11",50,100,50,50,75,50,62.5,25,0,87.5,87.5,75,50,62.5,50,25,25,100,75,100,75,50,87.5,75,50,75,87.5,75,62.5,87.5
"2020-09-12",50,100,25,50,75,50,62.5,25,0,87.5,87.5,75,50,62.5,50,25,25,100,75,100,75,50,87.5,75,50,75,87.5,75,62.5,87.5
"2020-09-13",50,100,25,50,75,50,62.5,25,0,87.5,87.5,75,50,62.5,50,25,25,100,75,100,75,50,87.5,75,50,75,87.5,75,62.5,87.5
"2020-09-14",50,100,25,50,75,50,62.5,25,0,87.5,87.5,75,50,62.5,50,25,25,100,75,100,75,50,87.5,75,50,75,87.5,75,62.5,100
"2020-09-15",50,100,25,50,75,50,62.5,25,0,87.5,87.5,75,50,62.5,50,25,25,100,75,100,75,50,100,75,50,75,87.5,75,62.5,100
"2020-09-16",50,100,25,50,75,50,62.5,25,0,87.5,87.5,75,50,62.5,50,25,25,100,75,100,75,50,100,75,50,75,87.5,75,62.5,100
"2020-09-17",75,100,25,50,75,50,62.5,25,0,87.5,87.5,75,50,62.5,50,25,25,100,75,100,75,50,100,75,50,75,87.5,75,62.5,100
"2020-09-18",75,100,25,50,75,50,62.5,25,0,87.5,87.5,75,50,62.5,50,25,25,100,75,100,75,0,100,75,50,75,87.5,75,62.5,100
"2020-09-19",75,100,25,50,75,50,75,25,0,87.5,87.5,75,50,62.5,50,25,25,100,75,100,75,0,100,75,50,75,87.5,75,62.5,100
"2020-09-20",75,100,25,50,75,50,75,25,0,87.5,87.5,75,50,62.5,50,25,25,100,75,100,75,0,100,75,50,75,87.5,75,62.5,100
"2020-09-21",75,100,25,50,75,50,75,25,0,87.5,87.5,75,50,62.5,50,50,25,100,75,100,75,0,100,75,50,75,87.5,75,62.5,100
"2020-09-22",75,100,25,50,75,50,75,25,0,87.5,87.5,75,50,62.5,50,50,25,100,75,100,75,0,100,75,50,75,87.5,75,62.5,100
"2020-09-23",75,100,25,50,75,50,75,25,0,87.5,87.5,75,50,62.5,50,50,25,100,75,100,75,0,100,75,50,75,87.5,75,62.5,100
"2020-09-24",75,100,25,50,75,50,75,25,0,87.5,87.5,75,50,62.5,50,50,25,100,75,100,75,0,100,75,50,75,87.5,75,62.5,100
"2020-09-25",75,100,25,50,75,50,75,25,0,87.5,87.5,75,50,62.5,50,50,25,100,75,100,75,0,100,75,50,75,87.5,75,62.5,100
"2020-09-26",75,100,25,50,75,50,75,25,0,87.5,87.5,75,50,62.5,50,50,25,100,75,100,75,0,100,75,50,75,87.5,75,62.5,100
"2020-09-27",75,100,25,50,75,50,75,25,0,87.5,87.5,75,50,62.5,50,50,25,100,75,100,75,0,100,75,50,75,87.5,75,62.5,100
"2020-09-28",75,100,25,50,75,50,75,25,0,87.5,87.5,75,50,62.5,50,50,25,100,75,100,75,0,100,75,50,75,87.5,75,62.5,100
"2020-09-29",75,100,25,50,75,50,75,25,0,87.5,87.5,87.5,50,62.5,50,50,25,100,75,100,75,0,100,75,50,75,87.5,75,62.5,100
"2020-09-30",75,100,25,50,75,50,75,25,0,87.5,87.5,87.5,50,62.5,50,50,25,100,75,100,75,0,100,75,50,75,87.5,75,62.5,100
"2020-10-01",75,100,25,50,75,50,75,25,0,87.5,87.5,87.5,50,62.5,50,50,50,100,100,100,75,0,100,75,75,75,87.5,75,62.5,100
"2020-10-02",75,100,25,50,75,50,75,25,0,87.5,87.5,87.5,50,62.5,50,50,50,100,100,100,75,0,100,75,75,75,87.5,75,62.5,100
"2020-10-03",75,100,25,50,75,50,75,25,0,87.5,87.5,87.5,50,62.5,50,50,50,100,100,100,75,0,100,75,75,75,87.5,75,62.5,100
"2020-10-04",75,100,25,50,75,50,75,25,0,87.5,87.5,87.5,50,62.5,50,50,50,100,100,100,75,0,100,75,75,75,87.5,75,62.5,100
"2020-10-05",75,100,25,50,75,100,75,25,0,87.5,87.5,87.5,50,62.5,50,50,50,100,100,100,75,0,100,75,75,75,87.5,75,62.5,100
"2020-10-06",75,100,25,50,75,100,75,25,0,87.5,87.5,87.5,50,62.5,75,50,50,100,100,100,75,0,100,75,75,75,87.5,75,62.5,100
"2020-10-07",75,100,25,50,75,100,75,25,0,87.5,87.5,87.5,50,62.5,75,50,50,100,100,100,75,0,100,75,75,75,87.5,75,62.5,100
"2020-10-08",75,100,25,50,75,100,75,25,0,87.5,87.5,87.5,50,62.5,75,50,50,100,100,100,75,0,100,75,75,75,87.5,75,62.5,100
"2020-10-09",75,100,25,50,75,100,75,25,0,87.5,87.5,87.5,50,62.5,75,50,87.5,100,100,100,75,0,100,75,75,75,87.5,75,62.5,100
"2020-10-10",75,100,25,50,75,100,50,25,0,87.5,87.5,87.5,50,62.5,75,50,87.5,100,100,100,75,50,100,75,75,75,87.5,75,62.5,100
"2020-10-11",75,100,25,50,75,100,50,25,62.5,87.5,87.5,87.5,50,62.5,75,50,87.5,100,100,100,75,50,100,75,75,75,87.5,75,62.5,100
"2020-10-12",75,100,25,50,75,100,50,25,62.5,87.5,87.5,87.5,50,62.5,75,50,87.5,100,100,100,75,50,100,75,75,75,87.5,75,62.5,100
"2020-10-13",87.5,100,25,50,75,100,50,25,62.5,87.5,87.5,87.5,50,62.5,75,50,87.5,100,100,100,75,50,100,75,100,75,87.5,75,62.5,100
"2020-10-14",87.5,100,25,50,75,100,50,25,62.5,87.5,87.5,87.5,50,62.5,75,50,87.5,100,100,100,75,50,100,75,100,75,87.5,75,62.5,100
"2020-10-15",87.5,100,25,50,75,100,50,25,62.5,87.5,87.5,87.5,50,62.5,75,50,87.5,100,100,100,75,50,100,75,100,75,87.5,75,62.5,100
"2020-10-16",87.5,100,25,50,75,100,50,25,62.5,87.5,87.5,87.5,50,62.5,75,50,87.5,100,100,100,75,50,100,75,100,75,87.5,75,62.5,100
"2020-10-17",87.5,100,25,50,75,100,50,25,62.5,87.5,87.5,87.5,50,62.5,75,50,87.5,100,100,100,75,87.5,100,75,100,75,87.5,75,62.5,100
"2020-10-18",87.5,100,25,50,75,100,50,25,62.5,87.5,87.5,87.5,50,62.5,75,50,87.5,100,100,100,75,87.5,100,75,100,75,87.5,75,62.5,100
"2020-10-19",87.5,100,25,50,75,100,50,25,62.5,87.5,87.5,87.5,50,62.5,75,50,87.5,100,100,100,75,87.5,100,75,100,100,87.5,75,62.5,100
"2020-10-20",87.5,100,25,50,75,100,50,25,62.5,87.5,87.5,87.5,50,62.5,75,50,87.5,100,100,100,75,87.5,100,75,100,100,87.5,75,62.5,100
"2020-10-21",87.5,100,25,50,75,100,75,25,62.5,87.5,87.5,87.5,50,100,75,50,87.5,100,100,100,75,87.5,100,75,100,100,87.5,75,62.5,100
"2020-10-22",87.5,100,25,50,75,100,75,25,62.5,87.5,87.5,87.5,50,100,75,50,87.5,100,100,100,75,87.5,100,75,100,100,87.5,75,62.5,100
"2020-10-23",100,100,62.5,50,100,100,75,25,62.5,87.5,87.5,87.5,50,100,100,50,87.5,100,100,100,75,87.5,100,75,100,100,87.5,75,62.5,100
"2020-10-24",100,100,62.5,50,100,100,75,25,62.5,87.5,87.5,87.5,50,100,100,100,87.5,100,100,100,75,100,100,75,100,100,87.5,75,62.5,100
"2020-10-25",100,100,62.5,50,100,100,75,25,62.5,87.5,87.5,87.5,50,100,100,100,87.5,100,100,100,75,100,100,75,100,100,100,75,62.5,100
"2020-10-26",100,100,62.5,50,100,100,100,25,62.5,87.5,87.5,87.5,50,100,100,100,87.5,100,100,100,75,100,100,75,100,100,100,75,62.5,100
"2020-10-27",100,100,62.5,75,100,100,100,25,75,87.5,87.5,87.5,50,100,100,100,87.5,100,100,100,75,100,100,75,100,100,100,75,62.5,100
"2020-10-28",100,100,62.5,75,100,100,100,25,75,87.5,87.5,87.5,50,100,100,100,87.5,100,100,100,75,100,100,75,100,100,100,75,62.5,100
"2020-10-29",100,100,75,75,100,100,100,25,75,87.5,87.5,87.5,50,100,100,100,87.5,100,100,100,75,100,100,75,100,100,100,75,100,100
"2020-10-30",100,100,75,75,100,100,100,25,75,100,87.5,87.5,50,100,100,100,87.5,100,100,100,75,100,100,75,100,100,100,75,100,100
"2020-10-31",100,100,75,75,100,100,100,25,75,100,87.5,87.5,50,100,100,100,87.5,100,100,100,75,100,100,75,100,100,100,75,100,100
"2020-11-01",100,100,75,75,100,100,100,25,75,100,87.5,87.5,50,100,100,100,87.5,100,100,100,75,100,100,75,100,100,100,75,100,100
"2020-11-02",100,100,75,75,100,100,100,25,75,100,100,87.5,50,100,100,100,87.5,100,100,100,75,100,100,75,100,100,100,75,100,100
"2020-11-03",100,100,75,75,100,100,100,25,75,100,100,87.5,50,100,100,100,87.5,100,100,100,75,100,100,75,100,100,100,75,100,100
"2020-11-04",100,100,75,75,100,100,100,25,75,100,100,87.5,50,100,100,100,87.5,100,100,100,75,100,100,75,100,100,100,75,100,100
"2020-11-05",100,100,75,75,100,100,100,25,75,100,100,87.5,50,100,100,100,87.5,100,100,100,75,100,100,75,100,100,100,75,100,100
"2020-11-06",100,100,75,75,100,100,100,25,75,100,100,87.5,50,100,100,100,87.5,100,100,100,75,100,100,75,100,100,100,75,100,100
"2020-11-07",100,100,75,75,100,100,100,25,75,100,100,100,50,100,100,100,100,100,100,100,75,100,100,75,100,100,100,75,100,100
"2020-11-08",100,100,75,75,100,100,100,25,75,100,100,100,50,100,100,100,100,100,100,100,75,100,100,75,100,100,100,75,100,100
"2020-11-09",100,100,75,75,100,100,100,25,75,100,100,100,50,100,100,100,100,100,100,100,75,100,100,100,100,100,100,75,100,100
"2020-11-10",100,100,75,75,100,100,100,25,75,100,100,100,100,100,100,100,100,100,100,100,75,100,100,100,100,100,100,75,100,100
"2020-11-11",100,100,75,75,100,100,100,25,75,100,100,100,100,100,100,100,100,100,100,100,87.5,100,100,100,100,100,100,75,100,100
"2020-11-12",100,100,75,75,100,100,100,25,75,100,100,100,100,100,100,100,100,100,100,100,87.5,100,100,100,100,100,100,75,100,100
"2020-11-13",100,100,75,75,100,100,100,25,75,100,100,100,100,100,100,100,100,100,100,100,87.5,100,100,100,100,100,100,75,100,100
"2020-11-14",100,100,75,75,100,100,100,25,75,100,100,100,100,100,100,100,100,100,100,100,87.5,100,100,100,100,100,100,75,100,100
"2020-11-15",100,100,75,75,100,100,100,25,75,100,100,100,100,100,100,100,100,100,100,100,87.5,100,100,100,100,100,100,75,100,100
"2020-11-16",100,100,75,75,100,100,100,100,75,100,100,100,100,100,100,100,100,100,100,100,87.5,100,100,100,100,100,100,75,100,100
"2020-11-17",100,100,75,75,100,100,100,100,75,100,100,100,100,100,100,100,100,100,100,100,87.5,100,100,100,100,100,100,75,100,100
"2020-11-18",100,100,75,75,100,100,100,100,75,100,100,100,100,100,100,100,100,100,100,100,87.5,100,100,100,100,100,100,75,100,100
"2020-11-19",100,100,75,75,100,100,100,100,75,100,100,100,100,100,100,100,100,100,100,100,87.5,100,100,100,100,100,100,75,100,100
"2020-11-20",100,100,75,75,100,100,100,100,75,100,100,100,100,100,100,100,100,100,100,100,87.5,100,100,100,100,100,100,75,100,100
"2020-11-21",100,100,75,75,100,100,100,100,75,100,100,100,100,100,100,100,100,100,100,100,87.5,100,100,100,100,100,100,75,100,100
"2020-11-22",100,100,75,75,100,100,100,100,75,100,100,100,100,100,100,100,100,100,100,100,87.5,100,100,100,100,100,100,75,100,100
"2020-11-23",100,100,75,75,100,100,100,100,62.5,100,100,100,100,100,100,100,100,100,100,100,87.5,100,100,100,100,100,100,75,100,100
"2020-11-24",100,100,75,75,100,100,100,100,62.5,100,100,100,100,100,100,100,100,100,100,100,87.5,100,100,100,100,100,100,100,100,100
"2020-11-25",100,100,75,75,100,100,100,100,62.5,100,100,100,100,100,100,100,100,100,100,100,87.5,100,100,100,100,100,100,100,100,100
"2020-11-26",100,100,75,75,100,100,100,100,62.5,100,100,100,100,100,100,100,100,100,100,100,87.5,100,100,100,100,100,100,100,100,100
"2020-11-27",100,100,75,75,100,100,100,100,62.5,100,100,100,100,100,100,100,100,100,100,100,87.5,100,100,100,100,100,100,100,100,100
"2020-11-28",100,100,75,100,100,100,100,100,62.5,100,100,100,100,100,100,100,100,100,100,100,87.5,100,100,100,100,100,100,100,100,100
"2020-11-29",100,100,75,100,100,100,100,100,62.5,100,100,100,100,100,100,100,100,100,100,100,87.5,100,100,100,100,100,100,100,100,100
"2020-11-30",100,100,75,100,100,100,100,100,87.5,100,100,100,100,100,100,100,100,100,100,100,87.5,100,100,100,100,100,100,100,100,100
"2020-12-01",100,100,75,100,100,100,100,100,87.5,100,100,100,100,100,100,100,100,100,100,100,87.5,100,100,100,100,100,100,100,100,100
"2020-12-02",100,100,75,100,100,100,100,100,87.5,100,100,100,100,100,100,100,100,100,100,100,87.5,100,100,100,100,100,100,100,100,100
"2020-12-03",100,100,75,100,100,100,100,100,87.5,100,100,100,100,100,100,100,100,100,100,100,87.5,100,100,100,100,100,100,100,100,100
"2020-12-04",100,100,75,100,100,100,100,100,87.5,100,100,100,100,100,100,100,100,100,100,100,87.5,100,100,100,100,100,100,100,100,100
"2020-12-05",100,100,75,100,100,100,100,100,87.5,100,100,100,100,100,100,100,100,100,100,100,87.5,100,100,100,100,100,100,100,100,100
"2020-12-06",100,100,75,100,100,100,100,100,87.5,100,100,100,100,100,100,100,100,100,100,100,87.5,100,100,100,100,100,100,100,100,100
"2020-12-07",100,100,75,100,100,100,100,100,87.5,100,100,100,100,100,100,100,100,100,100,100,87.5,100,100,100,100,100,100,100,100,100
"2020-12-08",100,100,75,100,100,100,100,100,87.5,100,100,100,100,100,100,100,100,100,100,100,87.5,100,100,100,100,100,100,100,100,100
"2020-12-09",100,100,75,100,100,100,100,100,87.5,100,100,100,100,100,100,100,100,100,100,100,87.5,100,100,100,100,100,100,100,100,100
"2020-12-10",100,100,75,100,100,100,100,100,87.5,100,100,100,100,100,100,100,100,100,100,100,87.5,100,100,100,100,100,100,100,100,100
"2020-12-11",100,100,75,100,100,100,100,100,87.5,100,100,100,100,100,100,100,100,100,100,100,87.5,100,100,100,100,100,100,100,100,100
"2020-12-12",100,100,75,100,100,100,100,100,87.5,100,100,100,100,100,100,100,100,100,100,100,87.5,100,100,100,100,100,100,100,100,100
"2020-12-13",100,100,75,100,100,100,100,100,87.5,100,100,100,100,100,100,100,100,100,100,100,87.5,100,100,100,100,100,100,100,100,100
"2020-12-14",100,100,75,100,100,100,100,100,87.5,100,100,100,100,100,100,100,100,100,100,100,87.5,100,100,100,100,100,100,100,100,100
"2020-12-15",100,100,50,100,100,100,100,100,87.5,100,100,100,100,100,100,100,100,100,100,100,87.5,100,100,100,100,100,100,100,100,100
"2020-12-16",100,100,50,100,100,100,100,100,87.5,100,100,100,100,100,100,100,100,100,100,100,87.5,100,100,100,100,100,100,100,100,100
"2020-12-17",100,100,50,100,100,100,100,100,87.5,100,100,100,100,100,100,100,100,100,100,100,87.5,100,100,100,100,100,100,100,100,100
"2020-12-18",100,100,50,100,100,100,100,100,87.5,100,100,100,100,100,100,100,100,100,100,100,87.5,100,100,100,100,100,100,100,100,100
"2020-12-19",100,100,50,100,100,100,100,100,87.5,100,100,100,100,100,100,100,100,100,100,100,87.5,100,100,100,75,100,100,100,100,100
"2020-12-20",100,100,50,100,100,100,100,100,87.5,100,100,100,100,100,100,100,100,100,100,100,87.5,100,100,100,75,100,100,100,100,100
"2020-12-21",100,100,50,100,100,100,100,100,87.5,100,100,100,100,100,100,100,100,100,100,100,87.5,100,100,100,75,100,100,100,100,100
"2020-12-22",100,100,75,100,100,100,100,100,87.5,100,100,100,100,100,100,100,100,100,100,100,87.5,100,100,100,75,100,100,100,100,100
"2020-12-23",100,100,75,100,100,100,100,100,87.5,100,100,100,100,100,100,100,100,100,100,100,87.5,100,100,100,75,100,100,100,100,100
"2020-12-24",100,100,75,100,75,100,100,100,87.5,100,100,100,100,75,100,100,100,100,100,100,87.5,100,100,100,75,100,100,100,100,100
"2020-12-25",100,100,75,100,75,100,100,100,87.5,100,100,100,100,75,100,100,100,100,100,100,87.5,100,100,100,75,100,100,100,100,62.5
"2020-12-26",100,100,75,100,100,100,100,100,87.5,100,100,100,100,75,100,100,100,100,100,100,87.5,100,100,100,75,100,100,100,100,100
"2020-12-27",100,100,75,100,100,100,100,100,87.5,100,100,100,100,100,100,100,100,100,100,100,87.5,100,100,100,75,100,100,100,100,100
"2020-12-28",100,100,75,100,100,100,100,100,87.5,100,100,100,100,100,100,100,100,100,100,100,87.5,100,100,100,75,100,100,100,100,100
"2020-12-29",100,100,75,100,100,100,100,100,87.5,100,100,100,100,100,100,100,100,100,100,100,87.5,100,100,100,75,100,100,100,100,100
"2020-12-30",100,100,75,100,100,100,100,100,87.5,100,100,100,100,100,100,100,100,100,100,100,87.5,100,100,100,75,100,100,100,100,100
"2020-12-31",100,100,75,100,100,100,100,100,87.5,100,100,100,100,100,100,100,100,100,100,100,87.5,100,100,100,75,100,100,100,100,100
"2021-01-01",100,100,75,100,75,100,100,100,87.5,100,100,100,100,100,100,100,100,100,100,100,87.5,100,100,100,100,100,100,100,100,100
"2021-01-02",100,100,75,100,75,100,100,100,87.5,100,100,100,100,100,100,100,100,100,100,100,87.5,100,100,100,100,100,100,100,100,100
"2021-01-03",100,100,75,100,100,100,100,100,87.5,100,100,100,100,100,100,100,100,100,100,100,87.5,100,100,100,100,100,100,100,100,100
"2021-01-04",100,100,75,100,100,100,100,100,87.5,100,100,100,100,100,100,100,100,75,100,100,100,100,100,100,100,100,100,100,100,100
"2021-01-05",100,100,75,100,100,100,100,100,87.5,100,100,100,100,100,100,100,100,75,100,100,100,100,100,100,100,100,100,100,100,100
"2021-01-06",100,100,75,100,100,100,100,100,87.5,100,100,100,100,100,100,100,100,75,100,100,100,100,100,100,100,100,100,100,100,100
"2021-01-07",100,100,75,100,100,100,100,100,87.5,100,100,100,100,100,100,100,100,75,100,100,100,100,100,100,100,100,100,100,100,100
"2021-01-08",100,100,75,100,100,100,100,100,87.5,100,100,100,100,100,100,100,100,75,100,100,100,100,100,100,100,100,100,100,100,100
"2021-01-09",100,100,75,100,100,100,100,100,87.5,100,100,100,100,100,100,100,100,75,100,100,100,100,100,100,100,100,100,100,100,100
"2021-01-10",100,100,75,100,100,100,100,100,87.5,100,100,100,100,100,100,100,100,75,100,100,100,100,100,100,100,100,100,100,100,100
"2021-01-11",100,100,75,100,100,100,100,100,87.5,100,100,100,100,100,100,100,100,75,100,100,100,100,100,100,100,100,100,100,100,100
"2021-01-12",100,100,75,100,100,100,100,100,87.5,100,100,100,100,100,100,100,100,75,100,100,100,100,100,100,100,100,100,100,100,100
"2021-01-13",100,100,75,100,100,100,100,100,87.5,100,100,100,100,100,100,100,100,75,100,100,100,100,100,100,100,100,100,100,100,100
"2021-01-14",100,100,75,100,100,100,100,100,87.5,100,100,100,100,100,100,100,100,75,100,100,100,100,100,100,100,100,100,100,100,100
"2021-01-15",100,100,75,100,100,100,100,100,87.5,100,100,100,100,100,100,100,100,75,100,100,100,100,100,100,100,100,100,100,100,100
"2021-01-16",100,100,75,100,100,100,100,100,87.5,100,100,100,100,100,100,100,100,75,100,100,100,100,100,100,100,100,100,100,100,100
"2021-01-17",100,100,75,100,100,100,100,100,87.5,100,100,100,100,100,100,100,100,75,100,100,100,100,100,100,100,100,100,100,100,100
"2021-01-18",100,100,75,100,100,100,100,100,87.5,100,100,100,100,100,100,100,100,75,100,100,100,100,100,100,100,100,100,100,100,100
"2021-01-19",100,100,75,100,100,100,100,100,87.5,100,100,100,100,100,100,100,100,75,100,100,100,100,100,100,100,100,100,100,100,100
"2021-01-20",100,100,75,100,100,100,100,100,87.5,100,100,100,100,100,100,100,100,75,100,100,100,100,100,100,100,100,100,100,100,100
"2021-01-21",100,100,75,100,100,100,100,100,87.5,100,100,100,100,100,100,100,100,75,100,100,100,100,100,100,100,100,100,100,100,100
"2021-01-22",100,100,75,100,100,100,100,100,87.5,100,100,100,100,100,100,100,100,75,100,100,100,100,100,100,100,100,100,100,100,100
"2021-01-23",100,100,75,100,100,100,100,100,87.5,100,100,100,100,100,100,100,100,75,100,100,100,100,100,100,100,100,100,100,100,100
"2021-01-24",100,100,75,100,100,100,100,100,87.5,100,100,100,100,100,100,100,100,75,100,100,100,100,100,100,100,100,100,100,100,100
"2021-01-25",100,100,75,100,100,100,100,100,87.5,100,100,100,100,100,100,100,100,75,100,100,100,100,100,100,100,100,100,100,100,100
"2021-01-26",100,100,75,100,100,100,100,100,87.5,100,100,100,100,100,100,100,100,75,100,100,100,100,100,100,100,100,100,100,100,100
"2021-01-27",100,100,75,100,100,100,100,100,87.5,100,100,100,100,100,100,100,100,75,100,100,100,100,100,100,100,100,100,100,100,100
"2021-01-28",100,100,75,100,100,100,100,100,87.5,100,100,100,100,100,100,100,100,75,100,100,100,100,100,100,100,100,100,100,100,100
"2021-01-29",100,100,75,100,100,100,100,100,87.5,100,100,100,100,100,100,100,100,75,100,100,100,100,100,100,100,100,100,100,100,100
"2021-01-30",100,100,75,100,100,100,100,100,87.5,100,100,100,100,100,100,100,100,75,100,100,100,100,100,100,100,100,100,100,100,100
"2021-01-31",100,100,75,100,100,100,100,100,87.5,100,100,100,100,100,100,100,100,75,100,100,100,100,100,100,100,100,100,100,100,100
"2021-02-01",100,100,75,100,100,100,100,100,87.5,100,100,100,100,100,100,100,100,75,100,100,100,100,100,100,100,100,100,100,100,100
"2021-02-02",100,100,75,100,100,100,100,100,87.5,100,100,100,100,100,100,100,100,75,100,100,100,100,100,100,100,100,100,100,100,100
"2021-02-03",100,100,75,100,100,100,100,50,87.5,100,100,100,100,100,100,100,100,75,100,100,100,100,100,100,100,100,100,100,100,100
"2021-02-04",100,100,75,100,100,100,100,50,87.5,100,100,100,100,100,100,100,100,75,100,100,100,100,100,100,100,100,100,100,100,100
"2021-02-05",100,100,75,100,100,100,100,50,87.5,100,100,100,100,100,100,100,100,75,100,100,100,100,100,100,100,100,100,100,100,100
"2021-02-06",100,100,75,100,100,100,100,50,87.5,100,100,100,100,100,100,100,100,75,100,100,100,100,100,100,100,100,100,100,100,100
"2021-02-07",100,100,75,100,100,100,100,50,87.5,100,100,100,100,100,100,100,100,75,100,100,100,100,100,100,100,100,100,100,100,100
"2021-02-08",100,100,75,100,100,100,100,50,87.5,100,100,100,100,100,100,100,100,75,100,100,100,100,100,100,100,100,100,100,100,100
"2021-02-09",100,100,75,100,100,100,100,50,87.5,100,100,100,100,100,100,100,100,75,100,100,100,100,100,100,100,100,100,100,100,100
"2021-02-10",100,100,75,100,100,100,100,50,87.5,100,100,100,100,100,100,100,100,75,100,100,100,100,100,100,100,100,100,100,100,100
"2021-02-11",100,100,75,100,100,100,100,50,87.5,100,100,100,100,100,100,100,100,75,100,100,100,100,100,100,100,100,100,100,100,100
"2021-02-12",100,100,75,100,100,100,100,50,87.5,100,100,100,100,100,100,100,100,75,100,100,100,100,100,100,100,100,100,100,100,100
"2021-02-13",100,100,75,100,100,100,100,50,87.5,100,100,100,100,100,100,100,100,75,100,100,100,100,100,100,100,100,100,100,100,100
"2021-02-14",100,100,75,100,100,100,100,50,87.5,100,100,100,100,100,100,100,100,75,100,100,100,100,100,100,100,100,100,100,100,100
"2021-02-15",100,100,75,100,100,100,100,50,87.5,100,100,100,100,100,100,100,100,75,100,100,100,100,100,100,100,100,100,100,100,100
"2021-02-16",100,100,75,100,100,100,100,50,87.5,100,100,100,100,100,100,100,100,75,100,100,100,100,100,100,100,100,100,100,100,100
"2021-02-17",100,100,75,100,100,100,100,50,87.5,100,100,100,100,100,100,100,100,75,100,100,100,100,100,100,100,100,100,100,100,100
"2021-02-18",100,100,75,100,100,100,100,50,87.5,100,100,100,100,100,100,100,100,75,100,100,100,100,100,100,100,100,100,100,100,100
"2021-02-19",100,100,75,100,100,100,100,50,87.5,100,100,100,100,100,100,100,100,75,100,100,100,100,100,100,100,100,100,100,100,100
"2021-02-20",100,100,75,100,100,100,100,50,87.5,100,100,100,100,100,100,100,100,75,100,100,100,100,100,100,100,100,100,100,100,100
"2021-02-21",100,100,75,100,100,100,100,50,87.5,100,100,100,100,100,100,100,100,75,100,100,100,100,100,100,100,100,100,100,100,100
"2021-02-22",100,100,75,100,100,100,100,50,87.5,100,100,100,100,100,100,100,100,75,100,100,100,100,100,100,100,100,100,100,100,100
"2021-02-23",100,100,75,100,100,100,100,50,87.5,100,100,100,100,100,100,100,100,75,100,100,100,100,100,100,100,100,100,100,100,100
"2021-02-24",100,100,75,100,100,100,100,50,87.5,100,100,100,100,100,100,100,100,75,100,100,100,100,100,100,100,100,100,100,100,100
"2021-02-25",100,100,75,100,100,100,100,50,87.5,100,100,100,100,100,100,100,100,75,100,100,100,100,100,100,100,100,100,100,100,100
"2021-02-26",100,100,75,100,100,100,100,50,87.5,100,100,100,100,100,100,100,100,75,100,100,100,100,100,100,100,100,100,100,100,100
"2021-02-27",100,100,75,100,100,100,100,50,87.5,100,100,100,100,100,100,100,100,75,100,100,100,100,100,100,100,100,100,100,100,100
"2021-02-28",100,100,75,100,100,100,100,50,87.5,100,100,100,100,100,100,100,100,75,100,100,100,100,100,100,100,100,100,100,100,100
"2021-03-01",100,100,75,100,100,100,100,50,87.5,100,100,100,100,100,100,100,100,75,100,100,100,100,100,100,100,100,100,100,100,100
"2021-03-02",100,100,75,100,100,100,100,50,87.5,100,100,100,100,100,100,100,100,75,100,100,100,100,100,100,100,100,100,100,100,100
"2021-03-03",100,100,75,100,100,100,100,50,87.5,100,100,100,100,100,100,100,100,75,100,100,100,100,100,100,100,100,100,100,100,100
"2021-03-04",100,100,75,100,100,100,100,50,87.5,100,100,100,100,100,100,100,100,75,100,100,100,100,100,100,100,100,100,100,100,100
"2021-03-05",100,100,75,100,100,100,100,50,87.5,100,100,100,100,100,100,100,100,75,100,100,100,100,100,100,100,100,100,100,100,100
"2021-03-06",100,100,75,100,100,100,100,50,87.5,100,100,100,100,100,100,100,100,75,100,100,100,100,100,100,100,100,100,100,100,100
"2021-03-07",100,100,75,100,100,100,100,50,87.5,100,100,100,100,100,100,100,100,75,100,100,100,100,100,100,100,100,100,100,100,100
"2021-03-08",100,100,75,100,100,100,100,50,87.5,100,100,100,100,100,100,100,100,75,100,100,100,100,100,100,100,100,100,100,100,100
"2021-03-09",100,100,75,100,100,100,100,50,87.5,100,100,100,100,100,100,100,100,75,100,100,100,100,100,100,100,100,100,100,100,100
"2021-03-10",100,100,75,100,100,100,100,50,87.5,100,100,100,100,100,100,100,100,75,100,100,100,100,100,100,100,100,100,100,100,100
"2021-03-11",100,100,75,100,100,100,100,100,87.5,100,100,100,100,100,100,100,100,75,100,100,100,100,100,100,100,100,100,100,100,100
"2021-03-12",100,100,75,100,100,100,100,100,87.5,100,100,100,100,100,100,100,100,75,100,100,100,100,100,100,100,100,100,100,100,100
"2021-03-13",100,100,87.5,100,100,100,100,100,87.5,100,100,100,100,100,100,100,100,75,100,100,100,100,100,100,100,100,100,100,100,100
"2021-03-14",100,100,87.5,100,100,100,100,100,87.5,100,100,100,100,100,100,100,100,75,100,100,100,100,100,100,100,100,100,100,100,100
"2021-03-15",100,100,75,100,100,100,100,100,87.5,100,100,100,100,100,100,100,100,75,100,100,100,100,100,100,100,100,100,100,100,100
"2021-03-16",100,100,75,100,100,100,100,100,87.5,100,100,100,100,100,100,100,100,75,100,100,100,100,100,100,100,100,100,100,100,100
"2021-03-17",100,100,75,100,100,100,100,100,87.5,100,100,100,100,100,100,100,100,75,100,100,100,100,100,100,100,100,100,100,100,100
"2021-03-18",100,100,75,100,100,100,100,100,87.5,100,100,100,100,100,100,100,100,75,100,100,100,100,100,100,100,100,100,100,100,100
"2021-03-19",100,100,75,100,100,100,100,100,87.5,100,100,100,100,100,100,100,100,75,100,100,100,100,100,100,100,100,100,100,100,100
"2021-03-20",100,100,75,100,100,100,100,100,87.5,100,100,100,100,100,100,100,100,75,100,100,100,100,100,100,100,100,100,100,100,100
"2021-03-21",100,100,75,100,100,100,100,100,87.5,100,100,100,100,100,100,100,100,75,100,100,100,100,100,100,100,100,100,100,100,100
"2021-03-22",100,100,75,100,100,100,100,100,87.5,100,100,100,100,100,100,100,100,75,100,100,100,100,100,100,100,100,100,100,100,100
"2021-03-23",100,100,75,100,100,100,100,100,87.5,100,100,100,100,100,100,100,100,75,100,100,100,100,100,100,100,100,100,100,100,100
"2021-03-24",100,100,75,100,100,100,100,100,87.5,100,100,100,100,100,100,100,100,75,100,100,100,100,100,100,100,100,100,100,100,100
"2021-03-25",100,100,75,100,100,100,100,100,87.5,100,100,100,100,100,100,100,100,75,100,100,100,100,100,100,100,100,100,100,100,100
"2021-03-26",100,100,75,100,100,100,100,100,87.5,100,100,100,100,100,100,100,100,75,100,100,100,100,100,100,100,100,100,100,100,100
"2021-03-27",100,100,75,100,100,100,100,100,87.5,100,100,100,100,100,100,100,100,75,100,100,100,100,100,100,100,100,100,100,100,100
"2021-03-28",100,100,75,100,100,100,100,100,87.5,100,100,100,100,100,100,100,100,75,100,100,100,100,100,100,100,100,100,100,100,100
"2021-03-29",100,100,75,100,100,100,100,100,87.5,100,100,100,100,100,100,100,100,75,100,100,100,100,100,100,100,100,100,100,100,100
"2021-03-30",100,100,75,100,100,100,100,100,87.5,100,100,100,100,100,100,100,100,75,100,100,100,100,100,100,100,100,100,100,100,100
"2021-03-31",100,100,75,100,100,100,100,100,87.5,100,100,100,100,100,100,100,100,75,100,100,100,100,100,100,100,100,100,100,100,100
"2021-04-01",100,100,75,100,100,100,100,100,87.5,100,100,100,100,100,100,100,100,75,100,100,100,100,100,100,100,100,100,100,100,100
"2021-04-02",100,100,75,100,100,100,100,100,87.5,100,100,100,100,100,100,100,100,75,100,100,100,100,100,100,100,100,100,100,100,100
"2021-04-03",100,100,75,100,100,100,100,100,87.5,100,100,100,100,100,100,100,100,75,100,100,100,100,100,100,100,100,100,100,100,100
"2021-04-04",100,100,75,100,100,100,100,100,87.5,100,100,100,100,100,100,100,100,75,100,100,100,100,100,100,100,100,100,100,100,100
"2021-04-05",100,100,75,100,100,100,100,100,87.5,100,100,100,100,100,100,100,100,75,100,100,100,100,100,100,100,100,100,100,100,100
"2021-04-06",100,100,75,100,100,100,100,100,87.5,100,100,100,100,100,100,100,100,75,100,100,100,100,100,100,100,100,100,100,100,100
"2021-04-07",100,100,75,100,100,100,100,100,87.5,100,100,100,100,100,100,100,100,75,100,100,100,100,100,100,100,100,100,100,100,100
"2021-04-08",100,100,75,100,100,100,100,100,87.5,100,100,100,100,100,100,100,100,75,100,100,100,100,100,100,100,100,100,100,100,100
"2021-04-09",100,100,75,100,100,100,100,100,87.5,100,100,100,100,100,100,100,100,75,100,100,100,100,100,100,100,100,100,100,100,100
"2021-04-10",100,100,75,100,100,100,100,100,87.5,100,100,100,100,100,100,100,100,75,100,100,100,100,100,100,100,100,100,100,100,100
"2021-04-11",100,100,75,100,100,100,100,100,87.5,100,100,100,100,100,100,100,100,75,100,100,100,100,100,100,100,100,100,100,100,100
"2021-04-12",100,100,75,100,100,100,100,100,87.5,100,100,100,100,100,100,100,100,75,100,100,100,100,100,100,100,100,100,100,100,100
"2021-04-13",100,100,75,100,100,100,100,100,87.5,100,100,100,100,100,100,100,100,75,100,100,100,100,100,100,100,100,100,100,100,100
"2021-04-14",100,100,75,100,100,100,100,100,87.5,100,100,100,100,100,100,100,100,75,100,100,100,100,100,100,100,100,100,100,100,100
"2021-04-15",100,100,75,100,100,100,100,100,87.5,100,100,100,100,100,100,100,100,75,100,100,100,100,100,100,100,100,100,100,100,100
"2021-04-16",100,100,75,100,100,100,100,100,87.5,100,100,100,100,100,100,100,100,75,100,100,100,100,100,100,100,100,100,100,100,100
"2021-04-17",100,100,75,100,100,100,100,100,87.5,100,100,100,100,100,100,100,100,75,100,100,100,100,100,100,100,100,100,100,100,100
"2021-04-18",100,100,75,100,100,100,100,100,87.5,100,100,100,100,100,100,100,100,75,100,100,100,100,100,100,100,100,100,100,100,100
"2021-04-19",100,100,75,100,100,100,100,100,87.5,100,100,100,100,100,100,100,100,75,100,100,100,100,100,100,100,75,100,100,100,100
"2021-04-20",100,100,75,100,100,100,100,100,87.5,100,100,100,100,100,100,100,100,75,100,100,100,100,100,100,100,75,100,100,100,100
"2021-04-21",100,100,75,100,100,100,100,100,87.5,100,100,100,100,100,100,100,100,75,100,100,100,100,100,100,100,75,100,100,100,100
"2021-04-22",100,100,75,100,100,100,100,100,87.5,100,100,100,100,100,100,100,100,75,100,100,100,100,100,100,100,75,100,100,100,100
"2021-04-23",100,100,75,100,100,100,100,100,87.5,100,100,100,100,100,100,100,100,75,100,100,100,100,100,100,100,75,100,100,100,100
"2021-04-24",100,100,75,100,100,100,100,100,87.5,100,100,100,100,100,100,100,100,75,100,100,100,100,100,100,100,75,100,100,100,100
"2021-04-25",100,100,75,100,100,100,100,100,87.5,100,100,100,100,100,100,100,100,75,100,100,100,100,100,100,100,75,100,100,100,100
"2021-04-26",100,100,75,100,100,100,100,100,87.5,100,100,100,100,100,100,100,100,75,100,100,100,100,100,100,100,75,100,100,100,100
"2021-04-27",100,100,75,100,100,100,100,75,87.5,100,100,100,100,100,100,100,100,75,100,100,100,100,100,100,100,100,100,100,100,100
"2021-04-28",100,100,75,100,100,100,100,75,87.5,100,100,100,100,100,100,100,100,75,100,100,100,100,100,100,100,100,100,100,100,100
"2021-04-29",100,100,75,100,100,100,100,75,87.5,100,100,100,100,100,100,100,100,75,100,100,100,100,100,100,100,100,100,100,100,100
"2021-04-30",100,100,75,100,100,100,100,75,87.5,100,100,100,100,100,100,100,100,75,100,100,100,100,100,100,100,100,100,100,100,100
"2021-05-01",100,100,75,100,100,100,100,75,87.5,100,100,100,100,100,100,100,100,75,100,100,100,100,100,100,100,100,100,100,100,100
"2021-05-02",100,100,75,100,100,100,100,75,87.5,100,100,100,100,100,100,100,100,75,100,100,100,100,100,100,100,100,100,100,100,100
"2021-05-03",100,100,75,100,100,100,100,75,87.5,100,100,100,100,100,100,100,100,75,100,100,100,100,100,100,100,100,100,100,100,87.5
"2021-05-04",100,100,75,100,100,100,100,75,87.5,100,100,100,100,100,100,100,100,75,100,100,100,100,100,100,100,100,100,100,100,87.5
"2021-05-05",100,100,75,100,100,100,100,75,87.5,100,100,100,100,100,100,100,100,75,100,100,100,100,100,100,100,100,100,100,100,87.5
"2021-05-06",100,100,75,100,100,100,75,75,87.5,100,100,100,100,100,100,100,100,75,100,100,100,100,100,100,100,100,100,100,100,87.5
"2021-05-07",100,100,75,100,100,100,75,75,87.5,100,100,100,100,100,100,100,100,75,100,100,100,100,100,100,100,100,100,100,100,87.5
"2021-05-08",100,100,75,100,100,100,75,75,87.5,100,100,100,100,100,100,100,100,75,100,100,100,75,100,100,100,100,100,100,100,87.5
"2021-05-09",100,100,75,100,100,100,75,75,87.5,100,100,100,100,100,100,100,100,75,100,100,100,75,100,100,100,100,87.5,100,100,87.5
"2021-05-10",100,100,75,100,100,100,75,75,87.5,100,100,100,100,75,100,100,100,75,100,100,100,75,100,100,100,100,87.5,100,100,87.5
"2021-05-11",100,100,75,100,100,100,75,75,87.5,100,100,100,100,75,100,100,100,75,100,100,100,75,100,100,100,100,87.5,100,100,87.5
"2021-05-12",100,100,75,100,100,100,75,75,87.5,100,100,100,100,75,100,100,100,75,100,100,100,75,100,100,100,100,87.5,100,100,87.5
"2021-05-13",100,100,75,100,100,100,75,75,87.5,100,100,100,100,75,100,100,100,75,100,100,100,75,100,100,100,100,87.5,100,100,87.5
"2021-05-14",100,100,75,100,100,100,75,75,87.5,100,100,100,100,75,100,100,100,75,100,100,100,75,100,100,100,100,87.5,100,100,87.5
"2021-05-15",100,100,75,100,100,100,75,75,87.5,100,100,100,100,75,100,100,100,75,100,100,100,75,100,50,100,75,87.5,100,100,87.5
"2021-05-16",100,100,75,100,100,100,75,75,87.5,100,100,100,100,75,100,100,100,50,100,100,100,75,100,50,100,75,87.5,100,100,87.5
"2021-05-17",100,100,75,100,100,50,75,75,87.5,100,100,100,100,75,100,100,100,50,100,100,100,75,100,50,100,75,87.5,100,100,87.5
"2021-05-18",100,100,75,100,100,50,75,75,87.5,100,100,100,75,75,100,100,100,50,100,100,100,75,100,100,100,75,87.5,100,100,87.5
"2021-05-19",100,100,75,100,100,50,75,75,87.5,100,100,100,75,75,100,100,100,50,100,100,100,75,100,100,100,75,87.5,100,100,87.5
"2021-05-20",100,100,75,75,100,50,75,75,87.5,100,100,100,75,75,100,100,100,50,100,100,100,75,100,100,100,75,87.5,100,100,87.5
"2021-05-21",100,100,75,75,100,50,75,75,87.5,100,100,100,75,75,100,100,100,50,100,100,100,75,100,100,100,75,87.5,100,100,87.5
"2021-05-22",100,100,75,75,100,50,75,75,87.5,100,100,100,75,75,100,100,100,50,100,100,100,75,100,100,100,75,87.5,100,100,87.5
"2021-05-23",100,100,75,75,100,50,75,75,87.5,100,100,100,75,75,100,100,100,50,100,100,100,75,100,100,100,75,87.5,100,100,87.5
"2021-05-24",100,100,75,75,100,50,75,75,87.5,100,100,100,75,75,100,100,100,50,100,100,100,75,100,100,100,75,87.5,100,100,87.5
"2021-05-25",100,100,75,75,75,50,75,75,87.5,100,100,100,75,75,100,100,100,50,100,100,100,75,100,100,100,75,87.5,100,100,87.5
"2021-05-26",100,100,75,75,75,50,75,75,87.5,100,100,100,75,75,100,100,100,50,100,100,75,75,100,100,100,75,87.5,100,100,87.5
"2021-05-27",100,100,75,75,75,50,75,75,87.5,100,100,100,75,75,100,100,100,50,100,100,75,75,100,100,100,75,87.5,100,100,87.5
"2021-05-28",100,100,75,75,75,50,75,75,87.5,100,100,100,75,75,100,100,100,50,100,100,75,75,100,100,100,75,87.5,100,100,87.5
"2021-05-29",100,100,75,75,75,50,75,75,87.5,100,100,100,75,75,100,100,100,50,100,100,75,75,100,100,100,75,87.5,100,100,87.5
"2021-05-30",100,100,75,75,75,50,75,75,87.5,100,100,100,75,75,100,100,100,50,100,100,75,75,100,100,100,75,87.5,100,100,87.5
"2021-05-31",100,100,75,75,75,50,75,75,87.5,100,100,100,75,75,100,100,100,50,100,100,75,75,100,100,100,75,87.5,100,75,87.5
"2021-06-01",100,100,75,75,75,50,75,75,87.5,100,100,100,75,75,100,75,100,50,100,100,75,75,100,100,100,75,87.5,100,75,87.5
"2021-06-02",100,100,75,75,75,50,75,75,87.5,100,100,100,75,75,100,75,100,50,100,100,75,75,100,100,100,75,87.5,100,75,87.5
"2021-06-03",100,100,75,75,75,50,75,75,87.5,100,100,100,75,75,100,75,100,50,100,100,75,75,100,100,100,75,87.5,100,75,87.5
"2021-06-04",100,100,75,75,75,50,75,75,87.5,100,100,100,75,75,100,75,100,50,100,100,75,75,100,100,100,75,87.5,100,75,87.5
"2021-06-05",100,100,75,75,75,50,75,75,87.5,100,100,100,75,75,100,75,100,50,100,100,75,75,100,100,100,75,87.5,100,75,87.5
"2021-06-06",100,100,75,75,75,50,75,75,87.5,100,100,100,75,75,100,75,100,50,100,100,75,50,100,100,100,75,87.5,100,75,87.5
"2021-06-07",100,100,75,75,75,50,75,75,87.5,100,100,100,75,75,100,75,100,50,100,100,75,50,100,100,100,75,87.5,100,75,87.5
"2021-06-08",100,100,75,75,50,50,75,75,87.5,100,100,0,75,75,100,75,100,50,100,100,75,50,100,100,100,75,87.5,100,75,87.5
"2021-06-09",100,100,75,75,50,50,75,75,87.5,100,100,0,75,75,100,75,100,50,100,100,75,50,100,100,100,75,87.5,100,75,87.5
"2021-06-10",100,100,75,75,50,50,75,75,87.5,100,100,0,75,75,100,75,100,50,100,100,75,50,100,100,100,75,87.5,100,75,87.5
"2021-06-11",100,100,75,75,50,50,75,50,87.5,100,100,0,75,75,100,75,100,50,100,100,75,50,100,100,100,75,87.5,100,75,87.5
"2021-06-12",100,100,75,75,50,50,75,50,87.5,100,100,0,75,75,100,75,100,50,100,100,75,50,100,100,100,75,87.5,100,75,87.5
"2021-06-13",100,100,75,75,50,50,75,50,87.5,100,100,0,75,75,100,75,100,50,100,100,75,50,100,100,100,75,87.5,100,75,87.5
"2021-06-14",100,100,75,75,50,50,75,50,87.5,100,100,0,75,75,100,75,100,50,100,100,75,50,100,100,100,75,87.5,100,75,87.5
"2021-06-15",100,100,75,75,50,50,75,50,87.5,100,100,0,75,75,100,75,100,50,100,100,75,50,100,100,100,75,87.5,100,75,87.5
"2021-06-16",100,100,75,75,50,50,75,50,87.5,100,100,0,75,75,100,75,100,50,100,100,75,50,100,100,100,75,87.5,100,75,87.5
"2021-06-17",100,100,75,75,50,50,75,50,87.5,100,100,0,75,75,100,75,100,50,100,100,75,50,100,100,100,75,87.5,100,75,87.5
"2021-06-18",100,100,75,50,50,50,75,50,87.5,100,100,0,75,75,100,75,100,50,100,100,75,50,100,100,100,75,87.5,100,75,87.5
"2021-06-19",100,100,75,50,50,50,75,50,87.5,100,100,0,75,75,100,75,100,50,100,100,75,50,100,100,100,75,87.5,100,75,87.5
"2021-06-20",100,100,75,50,50,50,75,50,87.5,100,100,0,75,75,100,75,100,50,100,100,75,50,100,100,100,75,87.5,100,75,87.5
"2021-06-21",100,100,75,50,50,50,75,50,87.5,100,100,0,75,75,87.5,75,100,50,100,100,75,50,100,100,100,75,87.5,100,75,87.5
"2021-06-22",100,100,75,50,75,50,75,50,87.5,100,100,0,75,75,87.5,75,100,50,100,100,75,50,100,50,100,75,87.5,100,75,87.5
"2021-06-23",100,100,75,50,75,50,75,25,87.5,100,100,0,75,75,87.5,75,100,50,100,100,75,50,100,50,100,75,87.5,100,75,87.5
"2021-06-24",100,100,75,50,75,50,75,25,87.5,100,100,0,75,75,87.5,75,100,50,100,100,75,50,100,50,100,75,87.5,100,75,87.5
"2021-06-25",100,100,75,50,75,50,75,25,87.5,100,100,0,75,75,87.5,75,100,50,100,100,75,50,100,50,100,75,87.5,100,75,87.5
"2021-06-26",100,100,75,50,75,50,75,25,87.5,100,100,0,75,75,87.5,75,100,50,100,0,75,50,100,50,100,75,87.5,100,75,87.5
"2021-06-27",100,100,75,50,75,50,75,25,87.5,100,100,0,75,75,87.5,75,100,50,100,0,75,50,100,50,100,75,87.5,100,75,87.5
"2021-06-28",100,100,75,50,75,50,75,25,87.5,100,100,0,75,75,87.5,75,100,50,100,0,75,50,100,50,87.5,75,87.5,100,75,87.5
"2021-06-29",100,100,75,50,75,50,75,75,87.5,100,100,0,75,75,87.5,75,100,50,100,0,75,50,100,50,87.5,75,87.5,100,75,87.5
"2021-06-30",100,100,75,50,75,50,75,75,87.5,62.5,100,0,75,75,87.5,75,100,50,100,0,75,50,100,50,87.5,75,87.5,100,75,87.5
"2021-07-01",50,100,75,50,75,50,75,75,87.5,62.5,100,0,75,75,50,75,0,50,100,0,75,50,100,50,87.5,75,87.5,75,75,87.5
"2021-07-02",50,100,75,50,75,50,50,75,87.5,62.5,100,0,75,75,50,75,0,50,100,0,75,50,100,50,87.5,75,87.5,75,75,87.5
"2021-07-03",50,100,75,50,75,50,50,75,87.5,62.5,100,0,75,75,50,75,0,50,100,0,75,50,100,50,87.5,75,87.5,75,75,87.5
"2021-07-04",50,100,75,50,75,50,50,75,87.5,62.5,100,0,75,75,50,75,0,50,100,0,75,50,100,50,87.5,75,87.5,75,75,87.5
"2021-07-05",50,100,75,50,75,50,50,75,87.5,62.5,100,0,75,50,50,75,0,50,100,0,75,50,100,50,87.5,75,87.5,75,75,87.5
"2021-07-06",50,100,75,50,75,25,50,25,87.5,62.5,100,87.5,75,50,50,75,0,50,100,0,75,50,100,50,87.5,75,87.5,75,75,87.5
"2021-07-07",50,100,75,50,75,25,50,25,87.5,62.5,100,87.5,75,50,50,75,0,50,100,0,75,50,100,50,87.5,75,87.5,75,75,87.5
"2021-07-08",50,100,75,50,75,25,50,25,87.5,62.5,100,87.5,75,50,50,75,0,50,100,0,75,50,100,50,87.5,75,87.5,75,75,87.5
"2021-07-09",50,100,75,50,75,25,50,25,87.5,62.5,100,87.5,75,50,50,75,0,50,100,0,75,50,100,50,87.5,75,87.5,75,75,87.5
"2021-07-10",50,100,75,50,75,25,50,25,87.5,62.5,100,87.5,75,50,50,75,0,50,100,0,75,50,100,50,87.5,75,87.5,75,75,87.5
"2021-07-11",50,100,75,50,75,25,50,25,87.5,62.5,100,87.5,75,50,50,75,0,50,100,0,75,50,100,50,87.5,75,87.5,75,75,87.5
"2021-07-12",50,100,75,50,75,25,50,25,87.5,62.5,100,87.5,75,50,50,75,0,50,100,0,75,50,100,50,87.5,75,87.5,75,75,87.5
"2021-07-13",50,100,75,50,75,25,50,25,87.5,62.5,100,87.5,75,50,50,75,0,50,100,0,75,50,100,87.5,87.5,75,87.5,75,75,87.5
"2021-07-14",50,100,75,50,75,25,50,25,87.5,62.5,100,87.5,75,50,87.5,75,0,50,100,0,75,50,100,87.5,87.5,75,87.5,75,75,87.5
"2021-07-15",50,100,75,50,75,25,50,25,87.5,62.5,100,87.5,75,50,87.5,75,0,50,100,0,75,50,100,87.5,87.5,75,87.5,75,75,87.5
"2021-07-16",50,100,75,50,75,25,50,25,87.5,62.5,100,87.5,75,50,87.5,75,0,50,100,0,75,50,100,87.5,87.5,75,87.5,75,75,87.5
"2021-07-17",50,100,75,50,75,25,50,25,87.5,62.5,100,87.5,75,50,87.5,75,0,50,100,0,75,50,100,87.5,87.5,75,87.5,75,75,87.5
"2021-07-18",50,100,75,50,75,25,50,25,87.5,62.5,100,87.5,75,50,87.5,75,0,50,100,0,75,50,100,87.5,87.5,75,87.5,75,75,87.5
"2021-07-19",50,100,75,50,75,25,50,25,87.5,62.5,100,87.5,75,50,87.5,75,0,50,100,0,75,50,100,87.5,87.5,75,87.5,75,75,87.5
"2021-07-20",50,100,75,50,75,25,50,25,87.5,62.5,100,87.5,75,50,87.5,75,0,50,100,0,75,50,100,87.5,87.5,75,87.5,75,75,87.5
"2021-07-21",50,100,75,50,75,25,50,25,87.5,62.5,100,87.5,75,50,87.5,75,0,50,100,0,75,50,100,87.5,87.5,75,87.5,75,75,87.5
"2021-07-22",50,100,75,50,75,25,50,25,87.5,62.5,100,87.5,75,50,87.5,75,0,50,100,0,75,50,100,87.5,87.5,75,87.5,75,75,87.5
"2021-07-23",50,100,75,62.5,75,25,50,25,87.5,62.5,100,87.5,75,50,87.5,75,0,50,100,0,75,50,100,87.5,87.5,75,87.5,75,75,87.5
"2021-07-24",50,100,75,62.5,75,25,50,25,87.5,62.5,100,87.5,75,50,87.5,75,0,50,100,0,75,50,100,87.5,87.5,75,87.5,75,75,87.5
"2021-07-25",50,100,75,62.5,75,25,50,25,87.5,62.5,100,87.5,75,50,87.5,75,0,50,100,0,75,50,100,87.5,87.5,75,87.5,75,75,87.5
"2021-07-26",50,100,75,62.5,75,25,50,25,87.5,62.5,100,87.5,75,50,87.5,75,0,50,100,0,75,50,100,87.5,87.5,75,87.5,75,75,87.5
"2021-07-27",50,100,75,62.5,75,25,50,25,87.5,62.5,100,87.5,75,50,87.5,75,0,50,100,0,75,50,100,87.5,87.5,75,87.5,75,75,87.5
"2021-07-28",50,100,75,62.5,75,25,50,25,87.5,62.5,100,87.5,75,50,87.5,75,0,50,100,0,75,50,100,87.5,87.5,75,87.5,75,75,87.5
"2021-07-29",50,100,75,62.5,75,25,50,25,87.5,62.5,100,87.5,75,50,87.5,75,0,50,100,0,75,50,100,87.5,87.5,75,87.5,75,75,87.5
"2021-07-30",50,100,75,62.5,75,25,50,25,87.5,62.5,100,87.5,75,50,25,75,0,50,100,0,75,50,100,87.5,87.5,75,87.5,75,75,87.5
"2021-07-31",50,100,75,62.5,75,25,50,25,87.5,62.5,100,87.5,75,50,25,75,0,50,100,0,75,50,100,87.5,87.5,75,87.5,75,75,87.5
"2021-08-01",50,100,0,62.5,75,25,50,25,87.5,62.5,100,87.5,75,50,25,75,0,50,100,0,75,50,100,87.5,87.5,75,87.5,75,75,87.5
"2021-08-02",50,100,0,62.5,75,25,50,25,87.5,62.5,100,87.5,75,50,25,75,0,50,100,0,75,50,100,87.5,87.5,75,87.5,75,75,87.5
"2021-08-03",50,100,0,62.5,75,25,50,25,87.5,62.5,100,87.5,75,50,25,75,0,50,100,0,75,50,100,87.5,87.5,75,87.5,75,75,87.5
"2021-08-04",50,100,0,62.5,75,25,50,25,87.5,62.5,100,87.5,75,50,25,75,0,50,100,0,75,50,100,87.5,87.5,75,87.5,75,75,87.5
"2021-08-05",50,100,0,62.5,75,25,50,25,87.5,62.5,100,87.5,75,50,25,75,0,50,100,0,75,50,100,87.5,87.5,75,87.5,75,75,87.5
"2021-08-06",50,100,0,62.5,75,25,50,25,87.5,62.5,100,87.5,75,50,25,75,0,50,100,0,75,50,100,87.5,87.5,75,87.5,75,75,87.5
"2021-08-07",50,100,0,62.5,75,25,50,25,87.5,62.5,100,87.5,75,50,25,75,0,50,100,0,75,50,100,87.5,87.5,75,87.5,75,75,87.5
"2021-08-08",50,100,0,62.5,75,25,50,25,87.5,62.5,100,87.5,75,50,25,75,0,50,100,0,75,50,100,87.5,87.5,75,87.5,75,75,87.5
"2021-08-09",50,100,0,62.5,75,25,50,25,87.5,62.5,100,87.5,75,50,25,75,0,50,100,0,75,50,100,87.5,87.5,75,87.5,75,75,87.5
"2021-08-10",50,100,0,62.5,75,25,50,25,87.5,62.5,100,87.5,75,50,25,75,0,50,100,0,75,50,100,87.5,87.5,75,87.5,75,75,87.5
"2021-08-11",62.5,100,0,62.5,75,25,50,25,87.5,62.5,100,87.5,75,50,25,75,0,50,100,0,75,50,100,87.5,87.5,75,87.5,75,75,87.5
"2021-08-12",62.5,100,0,62.5,75,25,50,25,87.5,62.5,100,87.5,75,50,25,75,0,50,100,0,75,50,100,87.5,87.5,75,87.5,75,75,87.5
"2021-08-13",62.5,100,0,62.5,75,25,50,25,87.5,62.5,100,87.5,75,50,25,75,0,50,100,0,0,50,100,87.5,87.5,75,87.5,75,75,87.5
"2021-08-14",62.5,100,0,62.5,75,25,50,25,87.5,62.5,100,87.5,75,50,25,75,0,50,100,0,0,50,100,87.5,87.5,75,87.5,75,75,87.5
"2021-08-15",62.5,100,0,62.5,75,25,50,25,87.5,62.5,100,87.5,75,50,25,75,0,50,100,0,0,50,100,87.5,87.5,75,87.5,75,75,87.5
"2021-08-16",62.5,100,0,62.5,75,25,50,25,87.5,62.5,100,87.5,75,50,25,75,0,50,100,0,0,50,100,87.5,62.5,75,87.5,75,75,87.5
"2021-08-17",62.5,100,0,62.5,75,25,50,25,87.5,62.5,100,87.5,75,50,25,75,0,50,100,0,0,50,100,87.5,62.5,75,87.5,75,75,87.5
"2021-08-18",62.5,100,0,62.5,75,25,50,25,87.5,62.5,100,87.5,75,50,25,75,0,50,100,0,0,50,100,87.5,62.5,75,87.5,75,75,87.5
"2021-08-19",62.5,100,0,62.5,75,25,50,25,87.5,62.5,100,87.5,75,50,25,75,0,50,100,0,0,50,100,87.5,62.5,75,87.5,75,75,87.5
"2021-08-20",62.5,100,0,62.5,75,25,50,25,87.5,62.5,75,87.5,50,50,25,75,0,50,100,0,0,50,100,87.5,62.5,75,87.5,75,75,87.5
"2021-08-21",62.5,100,0,62.5,75,25,50,25,87.5,62.5,75,87.5,50,50,25,75,0,50,100,0,0,50,100,87.5,62.5,75,87.5,75,75,87.5
"2021-08-22",62.5,100,0,62.5,75,25,50,25,87.5,62.5,75,87.5,50,50,25,75,0,50,100,0,0,50,100,87.5,62.5,75,87.5,75,75,87.5
"2021-08-23",62.5,100,0,62.5,75,25,50,25,87.5,62.5,75,87.5,50,50,25,75,0,50,100,0,0,50,100,87.5,62.5,75,87.5,75,75,87.5
"2021-08-24",62.5,100,0,62.5,75,25,50,25,87.5,62.5,75,87.5,50,50,25,75,25,50,100,0,0,50,100,87.5,62.5,75,87.5,75,75,87.5
"2021-08-25",62.5,100,0,62.5,75,25,50,25,87.5,62.5,75,87.5,50,50,25,75,25,50,100,0,0,50,100,87.5,62.5,75,87.5,75,75,87.5
"2021-08-26",62.5,100,0,62.5,75,25,50,25,87.5,62.5,75,87.5,50,50,25,75,25,50,100,0,0,50,100,87.5,62.5,75,87.5,75,75,87.5
"2021-08-27",62.5,100,0,62.5,75,25,50,25,87.5,62.5,75,87.5,50,50,25,75,25,50,100,0,0,50,100,87.5,62.5,75,87.5,75,75,87.5
"2021-08-28",62.5,100,0,62.5,75,25,50,25,87.5,62.5,75,87.5,50,50,25,75,25,50,100,0,0,50,100,87.5,62.5,75,87.5,75,75,87.5
"2021-08-29",62.5,100,0,62.5,75,25,50,25,87.5,62.5,75,87.5,50,50,25,75,25,50,100,0,0,50,100,87.5,62.5,75,87.5,75,75,87.5
"2021-08-30",62.5,100,0,62.5,75,25,50,25,87.5,62.5,75,87.5,50,50,37.5,75,25,50,100,0,0,50,100,87.5,62.5,75,87.5,75,75,87.5
"2021-08-31",62.5,100,0,62.5,75,25,50,25,87.5,62.5,75,87.5,50,50,37.5,75,25,50,100,0,0,50,100,87.5,62.5,75,87.5,75,75,87.5
"2021-09-01",62.5,87.5,0,62.5,75,25,0,25,87.5,75,75,87.5,50,50,37.5,75,25,50,100,0,0,50,100,87.5,62.5,75,87.5,75,75,87.5
"2021-09-02",62.5,87.5,0,62.5,75,25,0,25,87.5,75,75,87.5,50,50,37.5,75,25,50,100,0,0,50,100,87.5,62.5,75,87.5,75,75,87.5
"2021-09-03",62.5,87.5,0,62.5,75,25,0,25,87.5,75,75,87.5,50,50,37.5,75,25,50,100,0,0,50,100,87.5,62.5,75,87.5,75,75,87.5
"2021-09-04",62.5,87.5,0,62.5,75,25,0,25,87.5,75,75,87.5,50,50,37.5,75,25,50,100,0,0,50,100,87.5,62.5,75,87.5,75,75,87.5
"2021-09-05",62.5,87.5,0,62.5,75,25,0,25,87.5,75,75,87.5,50,50,37.5,75,25,50,100,0,0,50,100,87.5,62.5,75,87.5,75,75,87.5
"2021-09-06",62.5,87.5,0,62.5,75,25,0,25,87.5,75,75,87.5,50,50,37.5,75,25,50,100,0,0,50,100,87.5,62.5,75,87.5,75,75,87.5
"2021-09-07",62.5,87.5,75,62.5,75,25,0,25,87.5,75,75,87.5,75,50,37.5,75,25,50,100,0,0,50,100,87.5,62.5,75,87.5,75,75,87.5
"2021-09-08",62.5,87.5,75,62.5,75,25,0,25,87.5,75,75,87.5,75,50,37.5,75,25,50,100,0,0,50,100,87.5,62.5,75,87.5,75,75,87.5
"2021-09-09",62.5,87.5,75,62.5,75,25,0,25,87.5,75,75,87.5,75,50,37.5,75,25,50,100,0,0,50,100,87.5,62.5,75,87.5,75,75,87.5
"2021-09-10",62.5,87.5,75,62.5,75,25,0,25,87.5,75,75,87.5,75,50,37.5,75,25,50,100,0,0,50,100,87.5,62.5,75,87.5,75,75,62.5
"2021-09-11",62.5,87.5,75,62.5,75,25,0,25,87.5,75,75,87.5,75,50,37.5,75,25,50,100,0,0,50,100,87.5,62.5,75,87.5,75,75,62.5
"2021-09-12",62.5,87.5,75,62.5,75,25,0,25,87.5,75,75,87.5,75,50,37.5,75,25,50,100,0,0,50,100,87.5,62.5,75,87.5,75,75,62.5
"2021-09-13",62.5,87.5,75,62.5,75,25,0,25,87.5,75,75,87.5,75,50,37.5,75,100,50,100,0,0,50,100,100,75,75,87.5,75,75,62.5
"2021-09-14",62.5,87.5,75,62.5,75,25,0,25,87.5,75,75,87.5,75,50,37.5,75,100,50,100,0,0,50,100,100,75,75,87.5,75,75,62.5
"2021-09-15",75,87.5,75,62.5,75,25,0,25,87.5,75,75,87.5,75,50,37.5,75,100,50,100,0,0,50,100,100,75,75,87.5,75,75,62.5
"2021-09-16",75,87.5,75,62.5,75,25,0,25,87.5,75,75,87.5,75,50,37.5,75,100,50,100,0,0,50,100,100,75,75,87.5,75,75,62.5
"2021-09-17",75,87.5,75,62.5,75,25,0,25,87.5,75,75,87.5,75,50,37.5,75,100,50,100,0,0,50,100,100,75,75,87.5,75,75,62.5
"2021-09-18",75,87.5,75,62.5,75,25,0,25,87.5,75,75,87.5,75,50,37.5,75,100,50,100,0,0,50,100,100,75,75,87.5,75,75,62.5
"2021-09-19",75,87.5,75,62.5,75,25,0,25,87.5,75,75,87.5,75,50,37.5,75,100,50,100,0,0,50,100,100,75,75,87.5,75,75,62.5
"2021-09-20",75,87.5,75,62.5,75,25,0,25,87.5,75,75,87.5,75,75,37.5,75,100,50,100,0,0,50,100,100,75,75,87.5,75,75,62.5
"2021-09-21",75,87.5,75,62.5,75,25,0,25,87.5,75,75,87.5,75,75,37.5,75,100,50,100,0,0,50,100,100,75,75,87.5,75,75,62.5
"2021-09-22",75,87.5,75,62.5,75,25,0,25,87.5,75,75,87.5,75,75,37.5,75,100,50,100,0,0,50,100,100,75,75,87.5,75,75,62.5
"2021-09-23",75,87.5,75,62.5,75,25,0,25,87.5,75,75,87.5,75,75,37.5,75,100,50,100,0,0,50,100,100,75,75,87.5,75,75,62.5
"2021-09-24",75,87.5,75,62.5,75,25,0,25,87.5,75,75,87.5,75,75,37.5,75,100,50,100,0,0,50,100,100,75,75,87.5,75,75,62.5
"2021-09-25",75,87.5,75,62.5,75,25,0,25,87.5,75,75,87.5,75,75,37.5,75,100,50,100,0,0,50,100,100,75,75,87.5,75,75,62.5
"2021-09-26",75,87.5,75,62.5,75,25,0,25,87.5,75,75,87.5,75,75,37.5,75,100,50,100,0,0,50,100,100,75,75,87.5,75,75,62.5
"2021-09-27",75,87.5,75,62.5,75,25,0,25,87.5,75,75,87.5,75,75,37.5,75,100,50,100,0,0,50,100,100,75,75,87.5,75,75,62.5
"2021-09-28",75,87.5,75,62.5,75,25,0,25,0,75,75,87.5,75,75,37.5,75,100,50,100,0,0,50,100,75,75,75,87.5,75,75,62.5
"2021-09-29",75,87.5,75,62.5,75,25,0,25,0,75,75,87.5,75,75,37.5,75,100,50,100,0,0,50,100,75,75,75,87.5,0,75,62.5
"2021-09-30",75,87.5,75,62.5,75,25,0,25,0,75,75,87.5,75,75,37.5,75,100,50,100,0,0,50,100,75,75,75,87.5,0,75,62.5
"2021-10-01",75,62.5,75,62.5,75,25,0,25,0,75,75,87.5,75,75,37.5,75,100,50,100,0,0,50,50,75,75,75,87.5,0,75,62.5
"2021-10-02",75,62.5,75,62.5,75,25,0,25,0,75,75,87.5,75,75,37.5,75,100,50,100,0,0,50,50,75,75,75,87.5,0,75,62.5
"2021-10-03",75,62.5,75,62.5,75,25,0,25,0,75,75,87.5,75,75,37.5,75,100,50,100,0,0,50,50,75,75,75,87.5,0,75,62.5
"2021-10-04",75,62.5,75,50,75,75,0,25,0,75,75,87.5,75,75,37.5,75,100,50,100,0,0,50,50,50,62.5,75,87.5,0,75,62.5
"2021-10-05",75,62.5,75,50,75,75,0,25,0,75,75,87.5,75,75,37.5,75,100,50,100,0,0,50,50,50,62.5,75,87.5,0,75,62.5
"2021-10-06",75,62.5,75,50,75,75,0,25,0,75,75,87.5,75,75,37.5,75,100,50,100,0,0,50,50,50,62.5,75,87.5,0,75,62.5
"2021-10-07",75,62.5,75,50,75,75,0,25,0,75,75,87.5,75,75,37.5,75,100,50,100,0,0,50,50,50,62.5,75,87.5,0,75,62.5
"2021-10-08",75,62.5,75,50,75,75,0,25,0,75,75,87.5,75,75,37.5,75,100,50,100,0,0,50,50,50,62.5,75,87.5,0,75,62.5
"2021-10-09",75,62.5,75,50,75,75,0,25,0,75,75,87.5,75,75,25,75,100,50,100,0,0,50,50,50,62.5,75,62.5,0,75,62.5
"2021-10-10",75,62.5,75,50,75,75,0,25,0,75,75,87.5,75,75,25,75,100,50,100,0,0,50,50,50,62.5,75,62.5,0,75,62.5
"2021-10-11",75,62.5,75,50,75,75,0,25,0,75,75,87.5,75,75,25,75,100,50,100,0,0,50,50,50,62.5,75,62.5,0,75,62.5
"2021-10-12",75,62.5,75,50,75,75,0,25,0,75,75,87.5,75,75,25,75,100,75,100,0,0,50,50,50,62.5,75,62.5,0,75,62.5
"2021-10-13",75,62.5,75,50,75,75,0,25,0,75,75,87.5,75,75,25,75,100,75,100,0,0,50,50,50,62.5,75,62.5,0,75,62.5
"2021-10-14",75,62.5,75,50,75,75,0,25,0,75,75,87.5,75,75,25,75,100,75,100,0,0,50,50,50,62.5,75,62.5,0,75,62.5
"2021-10-15",75,62.5,75,50,75,75,0,25,0,75,75,87.5,75,75,25,75,100,75,100,0,0,50,50,50,62.5,75,62.5,0,75,62.5
"2021-10-16",75,62.5,75,50,75,75,0,25,0,75,75,87.5,75,75,25,75,100,75,100,0,0,50,50,50,62.5,75,62.5,0,75,62.5
"2021-10-17",75,62.5,75,50,75,75,0,25,0,75,75,87.5,75,75,25,75,100,75,100,0,0,50,50,50,62.5,75,62.5,0,75,62.5
"2021-10-18",75,62.5,75,50,75,75,0,25,0,75,75,87.5,75,75,25,75,100,75,100,0,0,50,50,50,62.5,75,62.5,0,75,62.5
"2021-10-19",75,62.5,75,50,75,75,0,25,0,75,75,87.5,75,75,25,75,100,75,100,0,0,50,50,50,62.5,75,62.5,0,75,62.5
"2021-10-20",75,62.5,75,50,75,75,0,25,0,75,75,87.5,75,75,25,75,100,75,100,0,0,50,50,50,62.5,75,62.5,0,75,62.5
"2021-10-21",75,62.5,75,50,75,75,0,25,0,75,75,87.5,75,75,25,100,100,75,100,0,0,50,50,50,62.5,75,62.5,0,75,62.5
"2021-10-22",75,62.5,75,50,75,75,0,25,0,75,75,87.5,75,75,25,100,100,75,100,0,0,50,50,50,62.5,75,62.5,0,75,62.5
"2021-10-23",75,62.5,75,50,75,75,0,25,0,75,75,87.5,75,75,25,100,100,75,100,0,0,50,50,50,62.5,75,62.5,0,75,62.5
"2021-10-24",75,62.5,75,50,75,75,0,25,0,75,75,87.5,75,75,25,100,100,75,100,0,0,50,50,50,62.5,75,62.5,0,75,62.5
"2021-10-25",75,62.5,75,50,75,75,0,25,0,75,75,87.5,75,75,25,100,100,75,100,0,0,50,50,50,62.5,75,62.5,0,75,62.5
"2021-10-26",75,62.5,75,50,75,75,0,25,0,75,75,87.5,75,75,25,100,100,75,100,0,0,50,50,50,62.5,75,62.5,0,75,62.5
"2021-10-27",75,62.5,75,50,75,75,0,25,0,75,75,87.5,75,75,25,100,100,75,100,0,0,50,50,50,62.5,75,62.5,0,75,62.5
"2021-10-28",75,62.5,75,50,75,75,0,25,0,75,87.5,87.5,75,75,25,100,100,75,100,0,0,50,50,50,62.5,75,62.5,0,75,62.5
"2021-10-29",75,62.5,75,50,75,75,0,25,0,75,87.5,87.5,75,75,25,100,100,75,100,0,0,50,50,50,62.5,75,62.5,0,75,62.5
"2021-10-30",75,62.5,75,50,75,75,0,25,0,75,87.5,87.5,75,75,25,100,100,75,100,0,0,50,50,50,62.5,75,62.5,0,75,62.5
"2021-10-31",75,62.5,75,50,75,75,0,25,0,75,87.5,87.5,75,75,25,100,100,75,100,0,0,50,50,50,62.5,75,62.5,0,75,62.5
"2021-11-01",75,62.5,75,50,75,75,0,25,0,75,87.5,87.5,75,75,25,100,100,75,100,0,0,75,50,50,62.5,75,62.5,0,75,62.5
"2021-11-02",75,62.5,75,50,75,75,0,25,0,75,87.5,87.5,50,75,25,100,100,75,100,0,0,75,50,50,62.5,75,62.5,0,75,62.5
"2021-11-03",75,62.5,75,50,75,75,0,25,0,75,87.5,87.5,50,75,25,100,100,75,100,0,0,75,50,50,62.5,75,62.5,0,75,62.5
"2021-11-04",75,62.5,75,50,75,75,0,25,0,75,87.5,87.5,50,75,25,100,100,75,100,0,0,75,50,50,62.5,75,62.5,0,75,62.5
"2021-11-05",75,62.5,75,50,75,75,0,25,0,75,87.5,87.5,50,75,25,100,100,75,100,0,0,75,50,50,62.5,75,62.5,0,75,62.5
"2021-11-06",75,62.5,75,50,75,75,0,25,0,75,87.5,87.5,50,75,25,100,100,75,100,0,0,75,50,50,62.5,100,62.5,0,75,62.5
"2021-11-07",75,62.5,75,50,75,75,0,25,0,75,87.5,87.5,50,75,25,100,100,75,100,0,0,75,50,50,62.5,100,62.5,0,75,62.5
"2021-11-08",75,62.5,75,50,75,75,0,25,0,75,87.5,87.5,50,75,25,100,100,75,100,0,0,75,50,50,62.5,100,62.5,0,75,62.5
"2021-11-09",75,62.5,75,50,75,75,0,25,0,75,87.5,87.5,50,75,25,100,100,75,100,0,0,75,50,50,62.5,100,62.5,0,75,62.5
"2021-11-10",75,62.5,75,75,75,75,0,25,0,75,87.5,87.5,50,75,25,100,100,75,100,0,0,75,50,50,87.5,100,62.5,0,75,62.5
"2021-11-11",75,62.5,75,75,75,75,0,25,0,75,87.5,87.5,50,75,25,100,100,75,100,0,0,75,50,50,87.5,100,62.5,0,75,62.5
"2021-11-12",75,62.5,75,75,75,75,75,25,0,75,87.5,87.5,50,75,25,100,100,75,100,0,0,75,50,50,87.5,100,62.5,0,75,62.5
"2021-11-13",75,62.5,75,75,75,75,75,25,0,75,87.5,87.5,50,75,25,100,100,75,100,100,0,75,50,50,87.5,100,62.5,0,75,62.5
"2021-11-14",75,62.5,75,75,75,75,75,25,0,75,87.5,87.5,50,75,25,100,100,75,100,100,0,75,50,50,87.5,100,62.5,0,75,62.5
"2021-11-15",75,62.5,75,75,75,75,75,25,62.5,75,100,87.5,50,75,25,100,100,75,100,100,0,75,50,50,87.5,100,62.5,0,75,62.5
"2021-11-16",75,62.5,75,75,75,75,75,25,62.5,75,100,87.5,50,75,25,100,100,75,100,100,0,75,50,50,87.5,100,62.5,0,75,62.5
"2021-11-17",75,75,75,75,75,75,75,25,62.5,75,100,87.5,50,75,25,100,100,75,100,100,0,75,50,50,87.5,100,62.5,0,75,62.5
"2021-11-18",75,75,75,75,75,75,75,25,62.5,75,100,87.5,50,75,25,100,100,75,100,100,0,75,50,50,87.5,100,62.5,0,75,62.5
"2021-11-19",75,75,75,75,75,75,75,25,62.5,75,100,87.5,50,75,25,100,100,75,100,100,0,75,50,50,87.5,100,62.5,0,75,62.5
"2021-11-20",75,75,75,75,75,75,75,25,62.5,75,100,87.5,50,75,25,100,100,75,100,100,0,75,50,50,62.5,100,62.5,0,75,62.5
"2021-11-21",75,75,75,75,75,75,75,25,62.5,75,100,87.5,50,75,25,100,100,75,100,100,0,75,50,50,62.5,100,62.5,0,75,62.5
"2021-11-22",75,75,75,75,75,75,75,25,62.5,75,100,87.5,50,75,25,100,100,75,100,100,0,75,50,50,62.5,100,62.5,0,75,62.5
"2021-11-23",75,75,75,75,75,75,75,25,62.5,75,100,87.5,50,75,25,100,100,75,100,100,0,75,50,50,62.5,100,62.5,0,75,62.5
"2021-11-24",75,75,75,75,75,75,75,25,62.5,75,100,87.5,50,75,25,100,100,75,100,100,0,75,50,50,62.5,100,62.5,0,75,62.5
"2021-11-25",75,75,75,75,75,75,75,25,62.5,75,100,87.5,50,75,25,100,100,75,100,100,0,75,50,50,100,100,62.5,0,75,62.5
"2021-11-26",75,75,75,75,75,75,75,25,62.5,75,100,87.5,50,75,25,100,100,75,100,100,0,75,50,50,100,100,62.5,0,75,62.5
"2021-11-27",75,75,75,75,75,75,75,100,62.5,75,100,87.5,75,75,25,100,100,75,100,100,0,75,50,50,100,100,62.5,0,75,62.5
"2021-11-28",75,75,75,75,75,75,75,100,62.5,75,100,87.5,75,75,25,100,100,75,100,100,0,75,50,50,100,100,62.5,0,75,62.5
"2021-11-29",75,75,75,75,75,75,75,100,62.5,75,100,87.5,75,75,25,100,100,75,100,100,0,75,50,50,100,100,62.5,0,75,62.5
"2021-11-30",75,75,75,75,75,75,75,100,62.5,75,100,87.5,75,75,25,100,100,75,100,100,0,75,50,50,100,100,62.5,0,75,62.5
"2021-12-01",75,75,75,75,75,75,75,100,62.5,75,100,87.5,75,75,25,100,100,75,100,100,0,75,50,50,100,100,62.5,0,75,62.5
"2021-12-02",75,75,75,75,75,75,75,100,62.5,75,100,87.5,75,75,25,100,100,75,100,100,0,75,50,50,100,100,62.5,0,75,62.5
"2021-12-03",75,75,75,75,75,75,75,100,62.5,75,100,87.5,75,75,25,100,100,75,100,100,62.5,75,50,50,100,100,62.5,0,75,62.5
"2021-12-04",75,75,75,75,75,75,75,100,62.5,75,100,87.5,75,75,25,100,100,75,100,100,62.5,75,50,50,100,100,62.5,0,75,62.5
"2021-12-05",75,75,75,75,75,75,75,100,62.5,75,100,87.5,75,75,25,100,100,75,100,100,62.5,75,50,50,100,100,62.5,0,75,62.5
"2021-12-06",75,75,75,75,75,75,75,100,62.5,75,100,87.5,75,75,25,100,100,75,100,100,62.5,75,50,50,100,100,62.5,0,75,62.5
"2021-12-07",75,75,75,75,75,75,75,100,62.5,75,100,87.5,75,75,25,100,100,75,100,100,62.5,75,50,50,100,100,62.5,0,75,62.5
"2021-12-08",75,75,75,75,75,75,75,100,62.5,75,100,87.5,75,75,25,100,100,75,100,100,62.5,75,50,50,100,100,62.5,0,75,62.5
"2021-12-09",75,75,75,75,75,75,75,100,62.5,75,100,87.5,75,75,25,100,100,75,100,100,75,75,50,50,100,100,62.5,0,75,62.5
"2021-12-10",75,75,75,75,75,75,75,100,62.5,75,100,87.5,75,75,25,100,100,75,100,100,75,75,50,50,100,100,62.5,0,75,62.5
"2021-12-11",75,75,75,75,75,75,75,100,62.5,75,100,87.5,75,75,25,100,100,75,100,100,75,75,50,50,100,100,62.5,0,75,62.5
"2021-12-12",75,75,75,75,75,75,75,100,62.5,75,100,87.5,75,75,25,100,100,75,100,100,75,75,50,50,100,100,87.5,0,75,62.5
"2021-12-13",75,75,75,75,75,75,75,100,62.5,75,100,87.5,75,75,25,100,100,75,100,100,75,75,50,50,100,100,87.5,0,75,62.5
"2021-12-14",75,75,75,75,75,75,75,100,62.5,75,100,87.5,75,75,25,100,100,75,100,100,75,75,50,50,100,100,87.5,0,75,62.5
"2021-12-15",75,75,75,75,75,75,75,100,62.5,75,100,87.5,75,75,25,100,100,75,100,100,100,75,50,50,100,100,87.5,0,75,62.5
"2021-12-16",75,75,75,75,75,75,75,100,62.5,75,100,87.5,75,75,25,100,100,75,100,100,100,75,50,50,100,100,87.5,0,75,62.5
"2021-12-17",75,75,75,75,75,75,75,100,62.5,75,100,87.5,75,75,25,100,100,75,100,100,100,75,50,50,100,100,87.5,0,75,62.5
"2021-12-18",75,75,75,75,75,75,75,100,62.5,75,100,87.5,50,75,25,100,100,75,100,100,100,75,50,50,100,100,87.5,0,75,62.5
"2021-12-19",75,75,75,75,75,75,75,100,62.5,75,100,87.5,50,75,25,100,100,75,100,100,100,75,50,50,100,100,87.5,0,75,62.5
"2021-12-20",75,75,75,75,75,75,75,100,62.5,75,100,87.5,50,75,25,100,100,75,100,100,100,75,50,50,100,100,87.5,0,100,62.5
"2021-12-21",75,75,75,75,75,75,75,100,62.5,75,100,87.5,50,75,25,100,100,75,100,100,100,75,50,50,100,100,87.5,0,100,62.5
"2021-12-22",75,75,75,75,75,75,75,100,62.5,75,100,87.5,50,75,25,100,100,75,100,100,100,75,50,50,100,100,87.5,0,100,62.5
"2021-12-23",75,75,75,75,75,75,75,100,62.5,75,100,87.5,50,75,25,100,100,75,100,100,100,75,50,50,100,100,87.5,100,100,62.5
"2021-12-24",75,75,75,75,75,75,75,100,62.5,75,100,87.5,50,75,25,100,100,75,100,100,100,75,100,50,100,100,87.5,100,100,62.5
"2021-12-25",75,75,75,75,75,75,75,100,62.5,75,100,87.5,50,75,25,100,100,75,100,100,100,75,100,50,100,100,87.5,100,100,62.5
"2021-12-26",75,75,75,75,75,75,75,100,62.5,75,100,87.5,50,75,25,100,100,75,100,100,100,75,50,50,100,100,87.5,100,100,62.5
"2021-12-27",75,75,75,75,75,75,75,100,62.5,75,100,87.5,50,75,25,100,100,75,100,100,100,75,50,50,100,100,87.5,100,100,62.5
"2021-12-28",75,75,75,75,75,75,75,100,87.5,75,100,100,50,75,25,100,100,75,100,100,100,75,50,50,100,100,87.5,100,100,62.5
"2021-12-29",75,75,75,75,75,75,75,100,87.5,75,100,100,50,75,25,100,100,75,100,100,100,75,50,50,100,100,87.5,100,100,62.5
"2021-12-30",75,75,75,75,75,75,75,100,87.5,75,100,100,50,75,25,100,100,75,100,100,100,75,50,50,87.5,100,87.5,100,100,62.5
