"Date","Austria","Belgium","Bulgaria","Croatia","Cyprus","Czechia","Denmark","Estonia","Finland","France","Germany","Greece","Hungary","Ireland","Italy","Latvia","Lithuania","Luxembourg","Malta","Netherlands","Norway","Poland","Portugal","Romania","Slovakia","Slovenia","Spain","Sweden","Switzerland","United.Kingdom"
1,3.12167125707403,3.32756299380625,2.40901630217087,1.69159196481763,2.1613938453366,2.81676360092105,3.93692169657849,1.64228639046648,1.86892207184358,3.56360998413735,3.07635508247802,2.81700828214398,2.38723842737713,2.89857165632791,2.87936097839585,2.47330863963711,3.04896615012592,3.0785183845413,2.33381564232418,3.87660594290856,4.00111677199736,3.58734672141476,3.39804228816716,2.41233394655267,3.25783254820621,2.68944388656313,3.55150679620846,3.97623836987018,4.21666761801742,2.18818110679303
2,2.96776468846675,2.75811991078043,2.12373172757961,1.49775311692481,1.80663281487431,2.72952477184096,3.63417507876404,1.39331453332205,1.68567704401053,3.15544886813837,2.78757308296283,2.76311443595993,2.2140668945444,2.93535334030006,2.5598658085801,2.27774335173263,2.35691699361985,2.74356783396529,2.04173346641059,3.18762259935039,3.5182831684122,3.11278303362441,3.18021382190403,2.25162906273277,2.7758525024769,2.08744702603703,3.32800559551852,3.47499663791973,3.59955748939786,2.13578824856143
3,2.82431119738651,2.39277866640893,1.92261905367315,1.38257682675942,1.56467784590195,2.65579308349373,3.22206717676636,1.23802965297201,1.55480804190001,2.80718845404919,2.54149271920018,2.67991145762804,2.08094849323289,2.96401061209452,2.29964399108292,2.11169487192165,1.89534017551436,2.39130536779697,1.78413213641988,2.66932241913527,3.10292456953876,2.71686124857285,3.0246670502524,2.09523223053124,2.33417992253264,1.64416693245938,3.16810760381784,2.99907171076863,3.10491970025981,2.11865723793564
4,2.69631016031836,2.15629427969682,1.77195788878528,1.34293563927469,1.41388819860875,2.59040742928633,2.71375295298848,1.15815438369909,1.46411551515343,2.49555784979831,2.34236502319743,2.55481400808737,1.97886736343876,2.92614056505622,2.09805149383454,1.9600109226197,1.58921941271507,2.05646339055869,1.56399474855061,2.30247590432231,2.75980585100533,2.39848608443039,2.89437624552652,1.95823407141276,1.96544113328878,1.34208049092745,3.04562479862659,2.5851893172829,2.7164625040782,2.12330761139684
5,2.59280472253779,1.99254618261455,1.64886014576234,1.37277112079117,1.32760150568779,2.51094271255977,2.19088495451895,1.13258341742106,1.39703338470365,2.22311601815759,2.1948210000316,2.42042845331052,1.90858092167712,2.81946968767382,1.9479733763403,1.80946524970396,1.38129170724089,1.76415289909029,1.38204229737224,2.05348352071304,2.4878594526638,2.15525386195671,2.76729805426159,1.8532886976449,1.67793130045809,1.15492742211019,2.92944321407041,2.23581890329186,2.42759643022393,2.12464659993649
6,2.51632775526947,1.8694354042899,1.53899616351004,1.46403717743903,1.27924563625726,2.40872770855585,1.74578117067396,1.14292535423552,1.34182080934989,1.99982840886866,2.09547121071154,2.30119260016318,1.86163988773362,2.67772583333992,1.84015714071106,1.66346411957346,1.23208366081314,1.52844321454846,1.23253802450792,1.8871344407738,2.27258619254005,1.9730092492202,2.63668305377335,1.78729089802892,1.4633547351876,1.05891485375999,2.79825746508928,1.94035692746638,2.22744810892477,2.09638937758954
7,2.46557342082435,1.77481885385402,1.43430659661535,1.60861082808456,1.25135902495705,2.2758101386508,1.42176590825353,1.17163633212806,1.29102455076499,1.82481173875019,2.03382539890544,2.1999609941314,1.82839102632658,2.53179507997173,1.76112198698626,1.53466354104078,1.11719753044765,1.34701665180494,1.10942409129013,1.77515814699347,2.08589975902935,1.84249714661822,2.50183400080745,1.75317499644161,1.31116497964326,1.03556037614783,2.63961961629568,1.68724492923398,2.10347737184107,2.02903455092283
8,2.42111853894048,1.70573299854472,1.3334552440972,1.79553021373334,1.23806290612043,2.13201126892265,1.21759090828213,1.20611558831726,1.24134679672157,1.69059074346603,1.99297200940301,2.10165497156832,1.79572855444742,2.40865693399981,1.70070734347252,1.43138607987585,1.02263436508862,1.20605205884523,1.00896116818003,1.69822435393919,1.90089848385893,1.7547259504659,2.3652903459495,1.7380865935632,1.20561931561248,1.0625098868046,2.45905533381467,1.47362294063581,2.02560396394651,1.93697607042716
9,2.36179877736064,1.65962765106606,1.25055075782334,2.00146032809964,1.24453375435836,1.98928258581502,1.10700663071552,1.2355886623153,1.19432116243099,1.58738188482305,1.95515739483849,2.00054531020845,1.75940204557459,2.31134325991487,1.65108630966252,1.35029954504356,0.946426522087791,1.09365249110707,0.933147067311894,1.6474979966902,1.71169675744238,1.69421931750737,2.23292527364794,1.74467727600897,1.13493866185554,1.10910442448303,2.27073068945042,1.30486991243519,1.96577451291064,1.84372195259357
10,2.27816159607735,1.63205908182278,1.18954796181795,2.17989342985567,1.27030324473857,1.85182242300864,1.05974103278792,1.2456225240418,1.15466012634893,1.51311536422699,1.91086874455455,1.87757193332964,1.71841977573522,2.22118184294526,1.60814997752194,1.28419360856973,0.887765686885535,1.00448432478956,0.885421962567088,1.61493019495021,1.5327712119271,1.6455417191539,2.10833065479767,1.76825746302629,1.08917302653534,1.14884810996762,2.09274638650653,1.18472878229936,1.90571022533362,1.76777252865845
11,2.17494537483663,1.61651956763911,1.14397725247264,2.29176941401129,1.30754377216104,1.71841541491263,1.04789292132819,1.22672280179386,1.12493694144823,1.47257700392867,1.86198560143672,1.729408154537,1.66785899536165,2.11301775387765,1.57147206643476,1.22820697384787,0.8464300016966,0.936764428362122,0.864564809911719,1.59324972639912,1.38339307827905,1.59561320035842,1.99348436282699,1.79439785670548,1.06854138745895,1.17146412006262,1.93996337968302,1.11453293648151,1.84488848443455,1.7143576649089
12,2.06389067619456,1.60396421302936,1.10618301897525,2.3313565832333,1.34188910328333,1.59683348406837,1.05453952767906,1.18454713482599,1.10410090643623,1.47473962191376,1.81537619647818,1.57245266777645,1.60545206455221,1.97707708250569,1.54304345566683,1.1793738970143,0.820400041289621,0.887476204465436,0.869687423318169,1.57484490338778,1.2746184958175,1.54749846574308,1.88894513996642,1.79924655322249,1.07001385938131,1.18112336982196,1.82029848204049,1.08790112370082,1.78661886341689,1.67810557229011
13,1.95462310017673,1.5872641410623,1.07235159895259,2.32594350171364,1.36097015014482,1.49430509906326,1.07179823785839,1.13362583860254,1.089592922674,1.52412236741118,1.77383280932494,1.43056782870194,1.53305951774739,1.83189934555936,1.51865566373117,1.1358200264856,0.805533797117329,0.854324149164157,0.897090078635083,1.5544317154265,1.20562632465148,1.502904252943,1.79433449679201,1.76863126104344,1.0894165344713,1.17877392823374,1.73081172101052,1.09337894837594,1.7324966769549,1.65008983386353
14,1.85307403904406,1.56546121363891,1.043375152404,2.3008475255185,1.35859779435267,1.4170981968348,1.09812995088959,1.08896068145358,1.0794087489659,1.59438172481032,1.73769155464576,1.32304905627446,1.45820552308852,1.69881692601774,1.49264716037513,1.0921333979981,0.797682789410873,0.834800792775248,0.946066790543441,1.52955515638488,1.17282260165723,1.46241297052782,1.70714752849772,1.70589531401388,1.11461248778337,1.1625892836923,1.66476839669218,1.11677863708587,1.68901767063727,1.62469515275098
15,1.75826678537507,1.54312187482122,1.02273499424556,2.2717781858123,1.3352230393397,1.36098208976213,1.13602043188376,1.05355440648909,1.07357076748944,1.65333924038593,1.7040549019236,1.2562137831956,1.38560117818645,1.5882389447048,1.46083692901568,1.04667450325449,0.793421650300031,0.820577039667721,1.01304759344877,1.49840274319243,1.16681864877926,1.42591093106318,1.62571814871531,1.62644914556679,1.13359300736251,1.13292825160834,1.61497965497013,1.14737236497084,1.65704851005332,1.60080050328391
16,1.66696794572484,1.52559796837307,1.01014697738724,2.24128603204094,1.29166255933569,1.31522824303826,1.18683787091177,1.02522845013655,1.07388491933543,1.67303283452137,1.66467954338206,1.22719974449852,1.31721618387251,1.49442003223514,1.42475924478146,0.99976010670214,0.79322034563152,0.802991976740814,1.08663041413831,1.46149964137271,1.17848904762517,1.39359042125374,1.54932606398647,1.54441203446627,1.14050866342105,1.09232982281002,1.5747368463415,1.18016344788397,1.62787178818719,1.57885483239296
17,1.57743670481732,1.50988077742394,0.999351070062496,2.20007321970074,1.23237037113061,1.26775205091365,1.24665693949417,0.995900779574682,1.08116408579173,1.6603263118706,1.61544303385051,1.22347965182004,1.25239021414841,1.41124155021483,1.38736631341823,0.954832942301344,0.799772128017497,0.778288954069043,1.1504522624533,1.42169801963953,1.19611354346726,1.36554063668634,1.47496958110386,1.46472109976701,1.13621847838428,1.0469076691383,1.53916145741722,1.2146586779335,1.57958335079531,1.55892779440487
18,1.49017545728573,1.48579727082174,0.984031505791318,2.13268961140514,1.16573718972323,1.21246324829483,1.30379945375273,0.958086496202237,1.09243531661682,1.62591651225665,1.55957501491566,1.23297213942509,1.1927178544068,1.33729196007944,1.35076231986763,0.914163944917372,0.818084665509914,0.752097016425818,1.19019646246859,1.38093405215478,1.20979075260806,1.34030448100039,1.40118676958573,1.38757340318488,1.12632931072633,1.00324641775942,1.50373519293338,1.25266472304605,1.50196699622796,1.53785091561877
19,1.4053908736162,1.44231142315307,0.962721085731738,2.03007529949769,1.10354259351586,1.15124187213341,1.34768018036026,0.912307572137346,1.10029556383858,1.57858135844124,1.50390965526992,1.24504952203518,1.14008818968112,1.27440345609117,1.31530729618573,0.879169349229797,0.85279141109362,0.730476503089533,1.2089737936707,1.33771866155773,1.21197756734773,1.31770911885292,1.32667405757891,1.31401879270095,1.11179084246174,0.966963773146331,1.46646154875722,1.29355728260409,1.40336609957943,1.51061885307459
20,1.32290390987255,1.37897289305979,0.940651974579197,1.89433696429843,1.05372807264606,1.09176362224511,1.37300644202341,0.868274565355942,1.09844914813136,1.52303767594652,1.44752031970708,1.24972848588089,1.09881352166052,1.22388839220942,1.27839138694669,0.8511405712484,0.904167349356787,0.717274832838598,1.21628660245654,1.28959567064941,1.20098459893088,1.29757790279698,1.25465280489517,1.25076852650692,1.09317764391558,0.936955904026368,1.42230588975081,1.33176949561038,1.3016631738638,1.47474475633312
21,1.24231008072309,1.30282468646831,0.922350242757644,1.74109079714884,1.01637008565033,1.04167649874646,1.38212841262202,0.837188756507179,1.08521886216789,1.46104980102865,1.38738129168016,1.24315987728691,1.07246255843935,1.18789670477644,1.23666935747452,0.828268838009434,0.96047163954044,0.71271125019051,1.2137052191338,1.23602182162019,1.17809888583984,1.27804967283445,1.18961538767865,1.20272358569507,1.07425866183411,0.910098076443425,1.3699323488095,1.35847069265698,1.20838196648439,1.43184769568314
22,1.16350848870655,1.22671677481037,0.911812041976369,1.58766584596019,0.986257027371098,1.00329284216058,1.37816893828263,0.825552500042006,1.06495048438745,1.39560956996722,1.32349695022036,1.22656976843587,1.06273076501152,1.16825297842066,1.18970462932899,0.810550578608462,1.00138011205541,0.712730601659313,1.19566353119064,1.18014268711907,1.14634091321996,1.25479603078062,1.1350772426934,1.16950977568491,1.05951281788739,0.884180173534599,1.30780751442553,1.36759020175752,1.12902432229866,1.38659149319593
23,1.08703879946211,1.16201115157768,0.911707615137751,1.44956558928607,0.95784765754665,0.973220859613923,1.36260653474732,0.828785777203735,1.04387500238804,1.32876322611046,1.25978326846321,1.20250176839084,1.06714878290115,1.16364438615774,1.14066721236189,0.796922034308645,1.00802142104744,0.71266237380292,1.16002029669277,1.12682114869418,1.10845384592535,1.22299833318067,1.08942097357263,1.14456991577393,1.05135090651884,0.86189357436878,1.24021798383296,1.36043675576082,1.06474430577363,1.34300439460906
24,1.01435264874151,1.11471840367471,0.922635017493988,1.33242941337115,0.926909496230388,0.946772488652596,1.33552829032438,0.839919607095133,1.02635774528138,1.26115960058566,1.19962423898554,1.17180224113246,1.0847391119949,1.17105383428832,1.09471024011532,0.788921733299652,0.975480869266042,0.709981879853745,1.11128657765446,1.08133415985607,1.0648817655306,1.18260365515,1.05012423836088,1.12115261269597,1.04806750131167,0.846384503314229,1.17288454899368,1.34199214321521,1.01513283359321,1.30368793344865
25,0.948943799885202,1.08246636780141,0.944304161842062,1.23646443101276,0.893179122583314,0.921264592969475,1.29579343649811,0.851615211498144,1.01143161949614,1.19284048656145,1.14580067548935,1.13516640636447,1.11448007438488,1.18687358237208,1.05550450056488,0.783373068813326,0.913729525880858,0.708476104691655,1.05348349241045,1.04749047875037,1.01689972887778,1.13762548435186,1.01548425049396,1.10072799751625,1.04390348166211,0.839438869067373,1.11191489548183,1.31826871217941,0.977228714529622,1.26806723966605
26,0.894250774729081,1.05899618888633,0.974265127873868,1.15818090094848,0.858975408232892,0.89832522081087,1.24487648499957,0.861549054932382,0.995101579316174,1.12646207802216,1.10163992342663,1.09535856469308,1.15713280250831,1.2069111355086,1.0234585753632,0.776335074377191,0.842404448247682,0.71733647341372,0.985676167271459,1.02563446885841,0.968719814009818,1.09379135356703,0.986948791669648,1.08759288353388,1.03666093157184,0.837825629995294,1.05932333841025,1.29177176823779,0.948341076720051,1.23241465709603
27,0.851432732752901,1.04003277905196,1.01140192576204,1.0947948791702,0.827290604464592,0.879636089778966,1.18538213159688,0.872375933544754,0.974619843446845,1.06568428981393,1.0673672097794,1.05348477827442,1.21011459099159,1.22785132784672,0.99647608966683,0.766921873673345,0.777684366859549,0.745707971052006,0.912237000768324,1.01313755014382,0.925353222821381,1.05604760382556,0.965276541796225,1.08318073795386,1.02868189244312,0.83584589697674,1.01396043505335,1.26137156746562,0.926928821464807,1.19366148698223
28,0.818305159967888,1.02505092634653,1.0545834242236,1.04438208660625,0.79867584698475,0.866341662757517,1.12157622365952,0.888062834171882,0.95350469778547,1.01042767223069,1.03998990799085,1.00962729212859,1.25839629176083,1.24801644876213,0.972123356615955,0.758273739449255,0.727532552590059,0.79388472255913,0.840474490814949,1.00676563411494,0.88982716078167,1.02585601335897,0.950742241312711,1.08207079919435,1.03387243982434,0.828428367777116,0.974016886819202,1.22492598850461,0.911159023123882,1.15195706018154
29,0.792430617338993,1.01468158096977,1.1044465436673,1.0049060880473,0.770296011502116,0.854490784476174,1.05822336616789,0.904335948037554,0.937802829764863,0.960953233986325,1.01434601038415,0.964467431421237,1.281901967838,1.26901731232664,0.949963282802369,0.75658566396797,0.692107928469673,0.848311225999913,0.780834473509785,1.00492291325389,0.859896135842937,1.00333742948636,0.942753144709056,1.0777254891457,1.06198564989069,0.81495711427407,0.938442293579525,1.18287871168586,0.898890627608786,1.11066033734839
30,0.772491658815283,1.0085008340418,1.15655345539523,0.973464529722213,0.740606933941937,0.839847161272873,0.999338301247906,0.910428188039524,0.933739001474405,0.921567056942544,0.987415707886794,0.919742535364621,1.26498054102034,1.29056081412699,0.931208782538887,0.768874444704376,0.670956302805158,0.886267828491176,0.73507968275102,1.00746840928386,0.831563369059628,0.986942108559733,0.93720970644513,1.06675345746353,1.11381295070875,0.79911393159475,0.907734806753595,1.13906260867941,0.886502989353279,1.07322591558773
31,0.758568508998282,1.00426797130338,1.19911512026762,0.948659870121461,0.712431298641775,0.820216952264571,0.947734998241448,0.897080045220903,0.941226396767756,0.899605233582617,0.958996371708064,0.878182872398965,1.21252258215651,1.30851153287327,0.918212601820302,0.805439773192678,0.663561907307643,0.895016786521444,0.699994604346665,1.01370531063723,0.801910366250007,0.975996718987269,0.92924112621926,1.05123988258613,1.17269811857537,0.78740353825396,0.883065168649807,1.09854273706539,0.87323880308896,1.04226434667565
32,0.750643370063825,0.999309779760821,1.21841546332943,0.932295286961934,0.691095180204088,0.800008864170396,0.904576971978817,0.867424017282068,0.954614119860192,0.898931946143273,0.931197125787969,0.842923207119844,1.14377480248223,1.31696919500527,0.912485965907857,0.869913016562989,0.669388293591256,0.879583064229642,0.670397181978906,1.02225037247502,0.772698942997951,0.970742297553041,0.915104034959842,1.03350933125362,1.21203540089605,0.786480778644538,0.865443397444939,1.06646653331139,0.860055567523651,1.0185996839518
33,0.748031513055416,0.991274233019622,1.20945646471691,0.924401141215439,0.681115912627912,0.786296682787008,0.870907095698512,0.829986766885227,0.964152285557633,0.921574677637372,0.906425461531162,0.817269359122471,1.07935874791285,1.30716922274117,0.913254447313668,0.952675554800095,0.688728164380117,0.855273205180564,0.643032520648669,1.03070122207006,0.748077403399988,0.972293914058249,0.89652509849525,1.01720825450009,1.20851579080821,0.799271073388786,0.855106047379586,1.04594592596562,0.849163355174644,1.00063324598991
34,0.747723423177116,0.980430864084953,1.18264769678621,0.923774854229274,0.684473055325398,0.785350143198595,0.848772575486156,0.792390399467823,0.963691274080604,0.967803280459838,0.886432228721634,0.803527283487119,1.03377487030081,1.27236331648611,0.917632624415488,1.03357157355042,0.722654034623,0.835724906415871,0.620619243867456,1.03523007560348,0.731372356630809,0.980760902501469,0.880651450156818,1.0041543070508,1.15537265920057,0.819843186720289,0.850752722865471,1.03526248874128,0.841161730710386,0.986736132257811
35,0.746153422219206,0.969280608972073,1.15341715531612,0.92783548275974,0.702050643673014,0.799091933298264,0.839475796501404,0.764336096133657,0.954613222052865,1.03209895716437,0.870459035663192,0.801320162186694,1.00763985873013,1.21540368862797,0.922671841112354,1.09249900373815,0.766023345011211,0.823124639869617,0.609006260809892,1.03203153718996,0.723687495857108,0.993233804282869,0.873947298635071,0.995594156763329,1.06092019719241,0.835273582345598,0.849829108310462,1.02879527643652,0.833800228165903,0.976103203651424
36,0.740301092970303,0.961518490530793,1.13231969087049,0.934341251446096,0.730843217288148,0.826987109076099,0.842811381670217,0.751524279201945,0.943281556804241,1.10176464495981,0.856876266900791,0.803512047508953,0.993484782821153,1.14652342292244,0.927101356614968,1.11919593952903,0.811596794869725,0.810684910779932,0.612689815238244,1.01975224388336,0.726247177944486,1.00388144605529,0.879548784941395,0.988263073812236,0.946300997096176,0.835956975604732,0.850010373650221,1.02143172237714,0.823455447013892,0.970282729342974
37,0.729478433305806,0.960481188530773,1.11803422887486,0.938533558222511,0.764047426360884,0.86437626124287,0.856149416878305,0.753096345498496,0.936680476210557,1.16206466856026,0.843381228331476,0.801419577727129,0.981466671713032,1.07612507853012,0.931215382405587,1.11664787677416,0.855118330921535,0.793242029093307,0.628134795114317,1.00137936503357,0.740228497271269,1.00766533763478,0.893056696167773,0.979001642250348,0.831713518348728,0.822765993582719,0.85090331676911,1.0132652941747,0.807482714291479,0.970992243594928
38,0.714377839668064,0.964759328139726,1.10447757392065,0.935108075984251,0.794917647128765,0.90190021811307,0.875752527496263,0.76270608155421,0.938802507762881,1.20737025804286,0.830411523084686,0.788697557571018,0.965612324539128,1.00895816562067,0.935501614718782,1.09608068175017,0.900015015650072,0.774183830332612,0.649873556013773,0.981869138799407,0.764075332649677,1.00245684385135,0.909134646402584,0.968144582204015,0.732388397999432,0.807115174682551,0.853496058896317,1.00851605872786,0.788122443378009,0.979181805575111
39,0.697472764884808,0.967078710132952,1.08884224114131,0.920702996130266,0.820089779257949,0.928119163873944,0.89736499124131,0.771351960898227,0.947675575092667,1.23472306053171,0.820970234342445,0.767630261264012,0.945830382232662,0.947888140220083,0.940107298134171,1.07069940837903,0.951175823236656,0.762546494927822,0.678999852365702,0.965437648288419,0.792013763470087,0.990237284348665,0.924793665682149,0.959344712686977,0.654617172292476,0.798722797042872,0.859099639161192,1.01059123947588,0.771152193681086,0.993226957699485
40,0.683792709965032,0.962042247166858,1.07615556113035,0.896567113294152,0.840369646188882,0.939443295282999,0.917636623534618,0.773325349799371,0.957166141393834,1.23193027995668,0.819051534964517,0.744323179544429,0.924072411860997,0.896802585175478,0.9440665654305,1.04419050452092,1.00895314306718,0.762694190948096,0.720645294783565,0.953421642806695,0.81807375052203,0.974429670466796,0.941006330211552,0.956663323197643,0.595492457938375,0.802759532677672,0.868277565738583,1.01877378997016,0.761913753669524,1.00886415889099
41,0.678041808949233,0.948619564074685,1.07226112199482,0.867023214343716,0.857036384718879,0.93939374893739,0.934277823255927,0.765678983631248,0.962496281427865,1.18205102217673,0.826275448173018,0.726819470783207,0.9027088898818,0.857734481558698,0.946026428131321,1.01617916773721,1.07252100628786,0.775106064004646,0.779240944108202,0.943581713518236,0.840474850137378,0.960790656396461,0.954175450152946,0.961037502989217,0.551462248041797,0.814896434078589,0.880331935041903,1.02912604333736,0.762961808912691,1.02121201536516
42,0.681373663861372,0.931207660920704,1.07845742956804,0.835041217812756,0.870643727064613,0.929391273604738,0.947640795374683,0.754048172387284,0.964466735002743,1.09124666684319,0.84033945164962,0.720545670461173,0.882584410413069,0.831630259042114,0.944583716334924,0.985975776043543,1.13648636340296,0.79801666547449,0.852940876430963,0.930819104529764,0.862794143376116,0.952675208467309,0.959058191642999,0.968970501505941,0.520919899539194,0.82743303058229,0.891819784186264,1.03689647959485,0.772992670621289,1.02697100744537
43,0.690056956137509,0.910789902181648,1.0862026584423,0.803225953528749,0.881255893341324,0.908573740135609,0.959338224985303,0.744066180820174,0.966989988911015,0.981069662943819,0.855455036748598,0.728615064714223,0.867151782349264,0.818426359165184,0.939633525353537,0.955167624145589,1.19100609709529,0.825032513411897,0.93729512839554,0.911270449248732,0.887539547564653,0.95018494011265,0.950706172925636,0.97595419657109,0.505787201478926,0.832315051264833,0.896072832695953,1.0386384512059,0.787650915644655,1.02592541466936
44,0.700165134814997,0.888215358721069,1.08720939001058,0.772766801376453,0.88661668857596,0.87945258233114,0.971044028311296,0.73630072893291,0.971905001018302,0.88025414592461,0.865424331987432,0.751042747413237,0.860394079973828,0.816745667415207,0.93198990160415,0.927776903306465,1.22063869963878,0.847774266474803,1.02037991772375,0.885026732190521,0.908965232792584,0.950050415295673,0.932212491732541,0.980584661795878,0.508622913597707,0.826050183784764,0.889388587231664,1.03335197686857,0.799679645973966,1.02020360629971
45,0.710852391168187,0.865731469438145,1.07859761969737,0.746507103335239,0.884656558503483,0.850092859779959,0.982095065570877,0.72795755061681,0.979088531340876,0.798345169372517,0.866407594717586,0.786776624526779,0.865991997816375,0.822747046641461,0.924197756887236,0.905122545369985,1.2173569862415,0.859587474411862,1.08364375929266,0.856182129051181,0.920633785088141,0.949425480861658,0.907975224251813,0.985567911033694,0.531441857479219,0.808646687791741,0.875855177634026,1.02329223685574,0.804157370698087,1.01293266059752
46,0.72466526438752,0.845652541582183,1.06465797266338,0.726381125298146,0.874164184385165,0.82713435493711,0.989054396404053,0.719139208505662,0.986497812708544,0.74292723407368,0.859497544174909,0.832216822619147,0.884255688760671,0.830150056826947,0.919171680412805,0.884419586092424,1.18773400531422,0.861049349335556,1.12076945683988,0.829382208222433,0.922280226435104,0.947680459197591,0.88273695366716,0.993538057705633,0.576053981073153,0.784519066936854,0.864283151352486,1.01322364321472,0.800778791122865,1.00619667519409
47,0.744248155244057,0.828667666701323,1.0489518045719,0.71455944788856,0.85678124223063,0.813525885013617,0.989077509254977,0.719279611174897,0.990686314659542,0.712824997963155,0.849791687932057,0.880776026352329,0.909695537143551,0.834802855392295,0.918374962549099,0.862746809924439,1.14912845593713,0.857859825890436,1.13689939623895,0.806694850765464,0.919936271124149,0.946320535470136,0.859457386790651,1.00269892480656,0.6403445870891,0.758752335635115,0.85538711743845,1.00647685491344,0.793182904802106,0.999616132470651
48,0.769529200939459,0.813740435945041,1.03392693734188,0.71062629832769,0.835295933485409,0.809892483689896,0.982812368161226,0.737507107882341,0.990115614859728,0.705924678749171,0.842288627023841,0.920453512279308,0.931720909302929,0.835599269659628,0.920269485828102,0.840123628170773,1.11452297453159,0.856504413074161,1.14190213912321,0.787906847177611,0.918532609718236,0.947757204637835,0.840308837322684,1.01160268731838,0.716134845255264,0.734367112024177,0.84644612956586,1.00212435041234,0.785895335744704,0.992104061019507
49,0.796747532596684,0.80043872863135,1.02345464713007,0.71207720948514,0.814441450598917,0.81624907317927,0.973183220014597,0.780408559065121,0.985743936911206,0.713449098439766,0.838387376879589,0.937338862613777,0.941776837959979,0.833373508062075,0.921067323322754,0.81974175279,1.08602817060242,0.861120220016371,1.13604601081324,0.772039215835192,0.916439207077813,0.953936852318664,0.82827688733784,1.01937120809989,0.792414241435877,0.710743397341797,0.830706669398344,0.996229477042436,0.783299477081815,0.983219042030045
50,0.820556784230866,0.79018553339098,1.02015943097229,0.715952025433479,0.799557732777369,0.830726817456183,0.963140305909782,0.841553932765714,0.980945147976877,0.727991421149672,0.835965192742946,0.930496681052335,0.938660659169346,0.828373116851731,0.918453896300779,0.803997889659401,1.06207943550374,0.868502260728398,1.11964998573534,0.760106597941758,0.913155015237341,0.965779721612764,0.826570308052625,1.02617576028236,0.862258185379459,0.687517512180706,0.808950241914522,0.987171737618099,0.787350210492236,0.974830294918371
51,0.837070602367474,0.784790244600043,1.01979781488158,0.717917118973639,0.791505426748154,0.848424405687605,0.955762069798032,0.908228917461502,0.977457540952638,0.743604980020432,0.832976049217212,0.915033381914914,0.926505422924914,0.823521217413625,0.912590590900599,0.794972301909951,1.040788658139,0.875220754445507,1.10393683660325,0.753968034074668,0.905562447518632,0.983219658132967,0.83388403684112,1.03054231683784,0.925620340612402,0.668754613776842,0.783485228094905,0.97819730001868,0.795402604017836,0.968972614587919
52,0.845261909626072,0.784649489227466,1.01427431772901,0.717032072773541,0.788146248310042,0.863239931235082,0.952539570506183,0.9681975914278,0.975465034018475,0.758121395716023,0.829000119079266,0.905126227958102,0.908226085117621,0.822192978544876,0.905986056642415,0.796072041685857,1.02189683634549,0.879706283668397,1.10378194772531,0.755665341164783,0.896934043824445,1.00458257778963,0.844899308846598,1.02960468601444,0.982640341080648,0.660002337091755,0.759170719467481,0.974064509350796,0.802582078535334,0.966808749131852
53,0.845780478008631,0.788683955221015,0.997913885220564,0.716162550161936,0.787560386948851,0.871732171430863,0.952518840714048,1.01403965776677,0.970754929615582,0.770540490498608,0.824977060689048,0.903817669390946,0.88813280733299,0.825362906636117,0.900359164950205,0.812709833955587,1.00592095792373,0.885502401749327,1.12995515756632,0.767216424648855,0.891872466775714,1.02571721047917,0.854150881814417,1.02120073049992,1.02308368886149,0.665594027272029,0.739498424466329,0.977364771356806,0.804997367220866,0.966831690013298
54,0.841991858277589,0.795776502703674,0.973752644976557,0.722186353679587,0.794018501482438,0.877175091227201,0.952304909166363,1.04448683893793,0.956897094622573,0.779634824480753,0.822783653559169,0.905382605587677,0.871148121886364,0.830719070986741,0.894968077661598,0.844006536576379,0.992812764650107,0.897533851505939,1.18146089199628,0.789212937401708,0.895861613314845,1.04205648844252,0.863763024867512,1.00439933518328,1.03218260390938,0.684300600278581,0.726730455416287,0.986893142177432,0.802442966002158,0.965582108757043
55,0.838434280857368,0.806947110502191,0.948877839074802,0.740081282753925,0.809555741113689,0.884966923725902,0.949592622859864,1.05962053065588,0.931395418867091,0.783767188430147,0.824622853971608,0.907050123417678,0.862364685153822,0.836018659934575,0.888064910944719,0.880292006549811,0.977872437984928,0.918652913249289,1.25136503292136,0.817201653486893,0.906769490025021,1.05115899862008,0.879096333754561,0.981746953431997,1.0037527326297,0.711297830437416,0.722810510876777,0.997305539609014,0.797196673107541,0.960163562813009
56,0.837281939395041,0.823871123423726,0.928811342152576,0.768048468316195,0.828636385367833,0.898942155959632,0.944072103243973,1.06862003967766,0.898671074347984,0.778057811440191,0.830464446381425,0.904945346556704,0.862558902271602,0.839972906527374,0.879359119867135,0.90936872575909,0.955428206615235,0.950144961099578,1.33053624139763,0.843511612001783,0.91757974749266,1.05357056148659,0.903783711688786,0.956897033590353,0.951488590071526,0.740353107213418,0.729759122507836,1.00340524424585,0.792142675726467,0.949962522519557
57,0.837981531978258,0.847975074454199,0.916086323199393,0.803009796658079,0.845390400581758,0.915175502602559,0.936172656773101,1.08042517146932,0.866867095807451,0.762849820152937,0.83748206612531,0.896071546606826,0.869802317027637,0.841609877000536,0.870365761781639,0.931677751842822,0.924740799914368,0.98293057937905,1.40127740510713,0.861531823794615,0.923413022178773,1.05245307621219,0.931612921562601,0.932733708968571,0.899508829258733,0.767209252998078,0.747942490498474,1.00398443563235,0.788045231278883,0.936522691475986
58,0.840160779463033,0.878741530581529,0.911527866884877,0.840996600941441,0.858412534704493,0.926688184199648,0.926115704283363,1.09582852208682,0.842838944602079,0.74546497534943,0.842307630099617,0.883006673620797,0.881840600013077,0.840971584843854,0.862714390889514,0.952428001542891,0.891971895890767,1.00440402602119,1.44914540840302,0.871798829166911,0.924585508142393,1.05086382915158,0.951630621440838,0.909598715422186,0.868063302818128,0.785370570592203,0.776698777036032,1.00255619091474,0.782294328607408,0.922460820787914
59,0.847499012146086,0.913174786128985,0.912792817841247,0.878784034171426,0.870738146475778,0.930651214161695,0.913023481285047,1.1093047866847,0.830291721578088,0.737193664904193,0.845176574270467,0.871883713869128,0.897559146823693,0.840117131001422,0.85682993215042,0.976458416489502,0.864030160440682,1.0049105235751,1.4676330643481,0.878573754136407,0.924700664175158,1.05062863717769,0.952275892674877,0.888351855570723,0.860477842146549,0.785921188157321,0.811207101536552,1.00379616029636,0.772077820162906,0.910817467204705
60,0.864758691192826,0.943596175293789,0.915334873191818,0.912974118096216,0.880907762790424,0.933111090710041,0.896245428628307,1.11415621464979,0.828073682220979,0.743952611479747,0.850124531005133,0.868755842711456,0.916197371919355,0.841024584520526,0.852820289295258,1.00407286874743,0.845199493174463,0.987590405444086,1.45636705553899,0.885695113989845,0.922602590700052,1.05086282884007,0.934088645167375,0.870774741379772,0.862318600760188,0.764674777703068,0.847668774392824,1.01035708875712,0.759209884781699,0.903963560072789
